INSERT INTO carts (cart_id, user_id, status, created_at, updated_at) VALUES 
(1, 59, 2, '2025-11-04 15:19:46.462667', '2025-11-28 15:19:46.462667'),
(2, 118, 2, '2025-11-05 15:19:46.462667', '2025-11-07 15:19:46.462667'),
(3, 300, 2, '2025-08-15 15:19:46.462667', '2025-09-14 15:19:46.462667'),
(4, 120, 3, '2025-09-04 15:19:46.462667', '2025-09-25 15:19:46.462667'),
(5, 118, 1, '2025-08-21 15:19:46.462667', '2025-09-08 15:19:46.462667'),
(6, 33, 3, '2025-08-19 15:19:46.462667', '2025-08-25 15:19:46.462667'),
(7, 36, 1, '2025-05-25 15:19:46.462667', '2025-06-09 15:19:46.462667'),
(8, 180, 2, '2025-06-04 15:19:46.462667', '2025-06-10 15:19:46.462667'),
(9, 260, 2, '2025-10-02 15:19:46.462667', '2025-10-24 15:19:46.462667'),
(10, 125, 1, '2025-09-04 15:19:46.462667', '2025-09-18 15:19:46.462667'),
(11, 274, 3, '2025-06-05 15:19:46.462667', '2025-06-08 15:19:46.462667'),
(12, 59, 3, '2025-07-14 15:19:46.462667', '2025-08-07 15:19:46.462667'),
(13, 218, 3, '2025-05-26 15:19:46.462667', '2025-05-28 15:19:46.462667'),
(14, 38, 1, '2025-08-16 15:19:46.462667', '2025-08-22 15:19:46.462667'),
(15, 279, 1, '2025-06-15 15:19:46.462667', '2025-06-27 15:19:46.462667'),
(16, 133, 1, '2025-05-22 15:19:46.462667', '2025-06-19 15:19:46.462667'),
(17, 74, 3, '2025-07-30 15:19:46.462667', '2025-08-13 15:19:46.462667'),
(18, 40, 1, '2025-10-31 15:19:46.462667', '2025-11-26 15:19:46.462667'),
(19, 105, 3, '2025-07-22 15:19:46.462667', '2025-08-07 15:19:46.462667'),
(20, 299, 2, '2025-06-17 15:19:46.462667', '2025-06-22 15:19:46.462667'),
(21, 149, 3, '2025-05-16 15:19:46.462667', '2025-05-18 15:19:46.462667'),
(22, 288, 3, '2025-09-05 15:19:46.462667', '2025-09-09 15:19:46.462667'),
(23, 110, 2, '2025-07-12 15:19:46.462667', '2025-07-21 15:19:46.462667'),
(24, 121, 3, '2025-06-14 15:19:46.462667', '2025-06-20 15:19:46.462667'),
(25, 290, 3, '2025-06-27 15:19:46.462667', '2025-07-05 15:19:46.462667'),
(26, 113, 3, '2025-07-07 15:19:46.462667', '2025-07-10 15:19:46.462667'),
(27, 156, 2, '2025-10-29 15:19:46.462667', '2025-11-06 15:19:46.462667'),
(28, 228, 1, '2025-05-22 15:19:46.462667', '2025-06-19 15:19:46.462667'),
(29, 223, 3, '2025-06-01 15:19:46.462667', '2025-06-07 15:19:46.462667'),
(30, 180, 1, '2025-09-28 15:19:46.462667', '2025-10-06 15:19:46.462667'),
(31, 163, 3, '2025-09-14 15:19:46.462667', '2025-09-28 15:19:46.462667'),
(32, 139, 3, '2025-06-24 15:19:46.462667', '2025-07-17 15:19:46.462667'),
(33, 14, 3, '2025-09-20 15:19:46.462667', '2025-10-10 15:19:46.462667'),
(34, 100, 3, '2025-07-04 15:19:46.462667', '2025-07-30 15:19:46.462667'),
(35, 112, 2, '2025-05-21 15:19:46.462667', '2025-05-25 15:19:46.462667'),
(36, 20, 2, '2025-11-01 15:19:46.462667', '2025-11-29 15:19:46.462667'),
(37, 65, 3, '2025-09-15 15:19:46.462667', '2025-09-15 15:19:46.462667'),
(38, 252, 3, '2025-07-25 15:19:46.462667', '2025-08-02 15:19:46.462667'),
(39, 29, 1, '2025-07-10 15:19:46.462667', '2025-08-04 15:19:46.462667'),
(40, 174, 3, '2025-06-10 15:19:46.462667', '2025-06-26 15:19:46.462667'),
(41, 149, 1, '2025-07-06 15:19:46.462667', '2025-07-12 15:19:46.462667'),
(42, 176, 2, '2025-07-17 15:19:46.462667', '2025-07-28 15:19:46.462667'),
(43, 209, 3, '2025-06-30 15:19:46.462667', '2025-07-21 15:19:46.462667'),
(44, 150, 3, '2025-10-31 15:19:46.462667', '2025-11-21 15:19:46.462667'),
(45, 16, 3, '2025-07-05 15:19:46.462667', '2025-07-28 15:19:46.462667'),
(46, 102, 1, '2025-07-01 15:19:46.462667', '2025-07-16 15:19:46.462667'),
(47, 151, 3, '2025-08-31 15:19:46.462667', '2025-09-19 15:19:46.462667'),
(48, 143, 2, '2025-05-29 15:19:46.462667', '2025-06-01 15:19:46.462667'),
(49, 148, 2, '2025-09-13 15:19:46.462667', '2025-09-27 15:19:46.462667'),
(50, 234, 2, '2025-08-18 15:19:46.462667', '2025-08-24 15:19:46.462667'),
(51, 140, 1, '2025-07-12 15:19:46.462667', '2025-07-30 15:19:46.462667'),
(52, 298, 1, '2025-07-27 15:19:46.462667', '2025-08-06 15:19:46.462667'),
(53, 84, 3, '2025-09-28 15:19:46.462667', '2025-10-12 15:19:46.462667'),
(54, 147, 3, '2025-07-02 15:19:46.462667', '2025-07-26 15:19:46.462667'),
(55, 211, 1, '2025-10-10 15:19:46.462667', '2025-10-16 15:19:46.462667'),
(56, 9, 1, '2025-06-13 15:19:46.462667', '2025-07-05 15:19:46.462667'),
(57, 190, 2, '2025-09-24 15:19:46.462667', '2025-10-21 15:19:46.462667'),
(58, 167, 3, '2025-08-23 15:19:46.462667', '2025-08-25 15:19:46.462667'),
(59, 131, 3, '2025-06-11 15:19:46.462667', '2025-06-21 15:19:46.462667'),
(60, 80, 1, '2025-08-07 15:19:46.462667', '2025-08-25 15:19:46.462667'),
(61, 292, 3, '2025-08-22 15:19:46.462667', '2025-09-17 15:19:46.462667'),
(62, 19, 3, '2025-07-29 15:19:46.462667', '2025-08-28 15:19:46.462667'),
(63, 280, 2, '2025-06-04 15:19:46.462667', '2025-06-22 15:19:46.462667'),
(64, 112, 3, '2025-08-31 15:19:46.462667', '2025-09-07 15:19:46.462667'),
(65, 208, 3, '2025-08-25 15:19:46.462667', '2025-08-27 15:19:46.462667'),
(66, 6, 3, '2025-09-20 15:19:46.462667', '2025-09-23 15:19:46.462667'),
(67, 119, 2, '2025-09-11 15:19:46.462667', '2025-10-01 15:19:46.462667'),
(68, 291, 2, '2025-10-08 15:19:46.462667', '2025-10-29 15:19:46.462667'),
(69, 118, 1, '2025-09-02 15:19:46.462667', '2025-09-19 15:19:46.462667'),
(70, 101, 1, '2025-09-22 15:19:46.462667', '2025-10-13 15:19:46.462667'),
(71, 29, 2, '2025-09-11 15:19:46.462667', '2025-09-29 15:19:46.462667'),
(72, 73, 2, '2025-09-22 15:19:46.462667', '2025-10-15 15:19:46.462667'),
(73, 216, 1, '2025-08-29 15:19:46.462667', '2025-09-19 15:19:46.462667'),
(74, 152, 2, '2025-10-25 15:19:46.462667', '2025-11-14 15:19:46.462667'),
(75, 88, 1, '2025-05-19 15:19:46.462667', '2025-05-26 15:19:46.462667'),
(76, 175, 1, '2025-06-13 15:19:46.462667', '2025-06-26 15:19:46.462667'),
(77, 20, 1, '2025-06-27 15:19:46.462667', '2025-07-13 15:19:46.462667'),
(78, 210, 1, '2025-10-16 15:19:46.462667', '2025-11-07 15:19:46.462667'),
(79, 86, 3, '2025-07-24 15:19:46.462667', '2025-08-05 15:19:46.462667'),
(80, 145, 2, '2025-10-24 15:19:46.462667', '2025-11-23 15:19:46.462667'),
(81, 218, 3, '2025-08-28 15:19:46.462667', '2025-09-22 15:19:46.462667'),
(82, 138, 3, '2025-08-09 15:19:46.462667', '2025-08-17 15:19:46.462667'),
(83, 86, 1, '2025-07-08 15:19:46.462667', '2025-07-12 15:19:46.462667'),
(84, 76, 2, '2025-08-12 15:19:46.462667', '2025-09-10 15:19:46.462667'),
(85, 44, 2, '2025-07-23 15:19:46.462667', '2025-07-30 15:19:46.462667'),
(86, 221, 1, '2025-05-14 15:19:46.462667', '2025-05-26 15:19:46.462667'),
(87, 101, 1, '2025-10-15 15:19:46.462667', '2025-11-02 15:19:46.462667'),
(88, 59, 3, '2025-08-28 15:19:46.462667', '2025-09-27 15:19:46.462667'),
(89, 261, 1, '2025-08-27 15:19:46.462667', '2025-09-03 15:19:46.462667'),
(90, 157, 2, '2025-09-06 15:19:46.462667', '2025-09-18 15:19:46.462667'),
(91, 215, 2, '2025-07-28 15:19:46.462667', '2025-08-01 15:19:46.462667'),
(92, 117, 2, '2025-08-31 15:19:46.462667', '2025-08-31 15:19:46.462667'),
(93, 272, 1, '2025-07-22 15:19:46.462667', '2025-08-12 15:19:46.462667'),
(94, 105, 3, '2025-08-15 15:19:46.462667', '2025-08-31 15:19:46.462667'),
(95, 58, 3, '2025-07-02 15:19:46.462667', '2025-07-06 15:19:46.462667'),
(96, 127, 1, '2025-09-21 15:19:46.462667', '2025-10-09 15:19:46.462667'),
(97, 63, 1, '2025-10-23 15:19:46.462667', '2025-11-20 15:19:46.462667'),
(98, 291, 2, '2025-07-01 15:19:46.462667', '2025-07-17 15:19:46.462667'),
(99, 159, 3, '2025-06-10 15:19:46.462667', '2025-06-20 15:19:46.462667'),
(100, 230, 1, '2025-09-25 15:19:46.462667', '2025-10-06 15:19:46.462667'),
(101, 14, 2, '2025-10-08 15:19:46.462667', '2025-10-28 15:19:46.462667'),
(102, 166, 1, '2025-10-22 15:19:46.462667', '2025-11-17 15:19:46.462667'),
(103, 175, 1, '2025-06-20 15:19:46.462667', '2025-06-21 15:19:46.462667'),
(104, 227, 3, '2025-05-18 15:19:46.462667', '2025-05-26 15:19:46.462667'),
(105, 208, 1, '2025-06-04 15:19:46.462667', '2025-06-19 15:19:46.462667'),
(106, 77, 1, '2025-07-09 15:19:46.462667', '2025-07-28 15:19:46.462667'),
(107, 275, 2, '2025-10-17 15:19:46.462667', '2025-10-30 15:19:46.462667'),
(108, 128, 3, '2025-07-19 15:19:46.462667', '2025-08-02 15:19:46.462667'),
(109, 115, 3, '2025-06-08 15:19:46.462667', '2025-07-07 15:19:46.462667'),
(110, 1, 1, '2025-07-25 15:19:46.462667', '2025-08-14 15:19:46.462667'),
(111, 128, 3, '2025-09-06 15:19:46.462667', '2025-09-06 15:19:46.462667'),
(112, 199, 1, '2025-06-25 15:19:46.462667', '2025-07-10 15:19:46.462667'),
(113, 18, 3, '2025-08-20 15:19:46.462667', '2025-09-16 15:19:46.462667'),
(114, 216, 1, '2025-08-19 15:19:46.462667', '2025-09-14 15:19:46.462667'),
(115, 282, 1, '2025-08-26 15:19:46.462667', '2025-09-20 15:19:46.462667'),
(116, 185, 3, '2025-07-17 15:19:46.462667', '2025-08-15 15:19:46.462667'),
(117, 295, 3, '2025-10-04 15:19:46.462667', '2025-10-25 15:19:46.462667'),
(118, 167, 1, '2025-07-20 15:19:46.462667', '2025-07-21 15:19:46.462667'),
(119, 146, 2, '2025-11-08 15:19:46.462667', '2025-11-12 15:19:46.462667'),
(120, 103, 1, '2025-08-31 15:19:46.462667', '2025-09-27 15:19:46.462667'),
(121, 11, 2, '2025-08-26 15:19:46.462667', '2025-09-22 15:19:46.462667'),
(122, 81, 3, '2025-08-03 15:19:46.462667', '2025-08-24 15:19:46.462667'),
(123, 268, 2, '2025-06-22 15:19:46.462667', '2025-07-17 15:19:46.462667'),
(124, 62, 3, '2025-09-29 15:19:46.462667', '2025-10-25 15:19:46.462667'),
(125, 227, 1, '2025-10-11 15:19:46.462667', '2025-10-25 15:19:46.462667'),
(126, 232, 1, '2025-09-14 15:19:46.462667', '2025-10-12 15:19:46.462667'),
(127, 113, 2, '2025-06-25 15:19:46.462667', '2025-07-20 15:19:46.462667'),
(128, 273, 3, '2025-09-04 15:19:46.462667', '2025-10-03 15:19:46.462667'),
(129, 76, 2, '2025-05-24 15:19:46.462667', '2025-06-02 15:19:46.462667'),
(130, 161, 1, '2025-09-17 15:19:46.462667', '2025-09-30 15:19:46.462667'),
(131, 84, 1, '2025-08-22 15:19:46.462667', '2025-09-01 15:19:46.462667'),
(132, 286, 3, '2025-09-04 15:19:46.462667', '2025-09-05 15:19:46.462667'),
(133, 124, 2, '2025-10-24 15:19:46.462667', '2025-11-09 15:19:46.462667'),
(134, 52, 2, '2025-06-17 15:19:46.462667', '2025-06-23 15:19:46.462667'),
(135, 188, 3, '2025-07-02 15:19:46.462667', '2025-07-12 15:19:46.462667'),
(136, 167, 1, '2025-07-01 15:19:46.462667', '2025-07-31 15:19:46.462667'),
(137, 197, 2, '2025-07-25 15:19:46.462667', '2025-08-06 15:19:46.462667'),
(138, 31, 2, '2025-06-09 15:19:46.462667', '2025-06-19 15:19:46.462667'),
(139, 298, 2, '2025-11-07 15:19:46.462667', '2025-12-01 15:19:46.462667'),
(140, 299, 1, '2025-08-26 15:19:46.462667', '2025-09-03 15:19:46.462667'),
(141, 215, 1, '2025-10-27 15:19:46.462667', '2025-10-29 15:19:46.462667'),
(142, 163, 2, '2025-06-30 15:19:46.462667', '2025-07-09 15:19:46.462667'),
(143, 144, 3, '2025-05-29 15:19:46.462667', '2025-06-25 15:19:46.462667'),
(144, 212, 2, '2025-09-14 15:19:46.462667', '2025-10-11 15:19:46.462667'),
(145, 296, 1, '2025-08-19 15:19:46.462667', '2025-09-09 15:19:46.462667'),
(146, 82, 1, '2025-09-05 15:19:46.462667', '2025-09-17 15:19:46.462667'),
(147, 144, 3, '2025-06-07 15:19:46.462667', '2025-06-29 15:19:46.462667'),
(148, 32, 1, '2025-06-27 15:19:46.462667', '2025-07-03 15:19:46.462667'),
(149, 137, 1, '2025-06-23 15:19:46.462667', '2025-07-18 15:19:46.462667'),
(150, 254, 2, '2025-09-01 15:19:46.462667', '2025-09-15 15:19:46.462667'),
(151, 111, 3, '2025-05-22 15:19:46.462667', '2025-05-26 15:19:46.462667'),
(152, 65, 2, '2025-10-21 15:19:46.462667', '2025-11-10 15:19:46.462667'),
(153, 183, 3, '2025-05-21 15:19:46.462667', '2025-06-18 15:19:46.462667'),
(154, 295, 1, '2025-09-19 15:19:46.462667', '2025-10-09 15:19:46.462667'),
(155, 194, 3, '2025-10-24 15:19:46.462667', '2025-11-05 15:19:46.462667'),
(156, 49, 2, '2025-10-17 15:19:46.462667', '2025-11-12 15:19:46.462667'),
(157, 204, 2, '2025-11-08 15:19:46.462667', '2025-12-01 15:19:46.462667'),
(158, 123, 2, '2025-07-09 15:19:46.462667', '2025-08-08 15:19:46.462667'),
(159, 257, 3, '2025-08-01 15:19:46.462667', '2025-08-22 15:19:46.462667'),
(160, 167, 2, '2025-07-12 15:19:46.462667', '2025-08-05 15:19:46.462667'),
(161, 55, 2, '2025-08-21 15:19:46.462667', '2025-09-09 15:19:46.462667'),
(162, 168, 3, '2025-06-02 15:19:46.462667', '2025-06-28 15:19:46.462667'),
(163, 10, 2, '2025-08-12 15:19:46.462667', '2025-08-12 15:19:46.462667'),
(164, 24, 2, '2025-07-25 15:19:46.462667', '2025-08-15 15:19:46.462667'),
(165, 296, 3, '2025-07-11 15:19:46.462667', '2025-08-02 15:19:46.462667'),
(166, 234, 2, '2025-06-18 15:19:46.462667', '2025-07-06 15:19:46.462667'),
(167, 141, 3, '2025-08-07 15:19:46.462667', '2025-08-18 15:19:46.462667'),
(168, 35, 2, '2025-10-14 15:19:46.462667', '2025-10-15 15:19:46.462667'),
(169, 210, 1, '2025-09-04 15:19:46.462667', '2025-09-05 15:19:46.462667'),
(170, 81, 3, '2025-08-19 15:19:46.462667', '2025-08-19 15:19:46.462667'),
(171, 211, 1, '2025-10-16 15:19:46.462667', '2025-10-20 15:19:46.462667'),
(172, 257, 1, '2025-06-06 15:19:46.462667', '2025-06-16 15:19:46.462667'),
(173, 98, 1, '2025-06-22 15:19:46.462667', '2025-07-06 15:19:46.462667'),
(174, 169, 3, '2025-08-18 15:19:46.462667', '2025-08-23 15:19:46.462667'),
(175, 7, 3, '2025-06-05 15:19:46.462667', '2025-07-02 15:19:46.462667'),
(176, 218, 1, '2025-10-01 15:19:46.462667', '2025-10-14 15:19:46.462667'),
(177, 8, 3, '2025-08-08 15:19:46.462667', '2025-08-20 15:19:46.462667'),
(178, 4, 2, '2025-11-08 15:19:46.462667', '2025-12-05 15:19:46.462667'),
(179, 137, 1, '2025-11-05 15:19:46.462667', '2025-11-14 15:19:46.462667'),
(180, 291, 2, '2025-05-13 15:19:46.462667', '2025-05-25 15:19:46.462667'),
(181, 23, 1, '2025-09-17 15:19:46.462667', '2025-09-22 15:19:46.462667'),
(182, 228, 3, '2025-07-19 15:19:46.462667', '2025-07-20 15:19:46.462667'),
(183, 25, 1, '2025-05-24 15:19:46.462667', '2025-06-20 15:19:46.462667'),
(184, 298, 2, '2025-06-26 15:19:46.462667', '2025-07-23 15:19:46.462667'),
(185, 193, 1, '2025-05-20 15:19:46.462667', '2025-06-10 15:19:46.462667'),
(186, 190, 3, '2025-06-07 15:19:46.462667', '2025-06-18 15:19:46.462667'),
(187, 106, 2, '2025-09-25 15:19:46.462667', '2025-10-25 15:19:46.462667'),
(188, 151, 3, '2025-08-15 15:19:46.462667', '2025-09-12 15:19:46.462667'),
(189, 299, 1, '2025-08-10 15:19:46.462667', '2025-08-28 15:19:46.462667'),
(190, 104, 1, '2025-05-15 15:19:46.462667', '2025-05-29 15:19:46.462667'),
(191, 4, 2, '2025-10-03 15:19:46.462667', '2025-10-06 15:19:46.462667'),
(192, 136, 3, '2025-06-25 15:19:46.462667', '2025-07-09 15:19:46.462667'),
(193, 203, 1, '2025-07-31 15:19:46.462667', '2025-08-24 15:19:46.462667'),
(194, 150, 3, '2025-10-01 15:19:46.462667', '2025-10-30 15:19:46.462667'),
(195, 285, 1, '2025-05-16 15:19:46.462667', '2025-05-21 15:19:46.462667'),
(196, 147, 2, '2025-09-10 15:19:46.462667', '2025-09-24 15:19:46.462667'),
(197, 205, 2, '2025-07-06 15:19:46.462667', '2025-07-09 15:19:46.462667'),
(198, 179, 2, '2025-11-08 15:19:46.462667', '2025-11-14 15:19:46.462667'),
(199, 198, 3, '2025-07-14 15:19:46.462667', '2025-08-09 15:19:46.462667'),
(200, 54, 2, '2025-10-20 15:19:46.462667', '2025-11-13 15:19:46.462667'),
(201, 7, 3, '2025-07-03 15:19:46.462667', '2025-07-29 15:19:46.462667'),
(202, 95, 3, '2025-08-03 15:19:46.462667', '2025-08-04 15:19:46.462667'),
(203, 262, 3, '2025-06-22 15:19:46.462667', '2025-07-11 15:19:46.462667'),
(204, 298, 1, '2025-07-03 15:19:46.462667', '2025-07-26 15:19:46.462667'),
(205, 120, 2, '2025-10-30 15:19:46.462667', '2025-11-03 15:19:46.462667'),
(206, 48, 3, '2025-07-25 15:19:46.462667', '2025-07-26 15:19:46.462667'),
(207, 257, 3, '2025-06-16 15:19:46.462667', '2025-07-15 15:19:46.462667'),
(208, 136, 3, '2025-08-10 15:19:46.462667', '2025-08-13 15:19:46.462667'),
(209, 118, 1, '2025-09-26 15:19:46.462667', '2025-10-14 15:19:46.462667'),
(210, 30, 2, '2025-05-14 15:19:46.462667', '2025-05-22 15:19:46.462667'),
(211, 217, 1, '2025-06-14 15:19:46.462667', '2025-07-14 15:19:46.462667'),
(212, 297, 3, '2025-10-11 15:19:46.462667', '2025-11-06 15:19:46.462667'),
(213, 27, 2, '2025-11-01 15:19:46.462667', '2025-11-08 15:19:46.462667'),
(214, 298, 1, '2025-09-15 15:19:46.462667', '2025-09-24 15:19:46.462667'),
(215, 20, 1, '2025-05-30 15:19:46.462667', '2025-06-10 15:19:46.462667'),
(216, 130, 2, '2025-06-08 15:19:46.462667', '2025-07-05 15:19:46.462667'),
(217, 289, 3, '2025-10-04 15:19:46.462667', '2025-10-05 15:19:46.462667'),
(218, 225, 1, '2025-11-02 15:19:46.462667', '2025-11-17 15:19:46.462667'),
(219, 154, 3, '2025-08-05 15:19:46.462667', '2025-08-21 15:19:46.462667'),
(220, 219, 3, '2025-09-08 15:19:46.462667', '2025-10-01 15:19:46.462667'),
(221, 161, 3, '2025-05-25 15:19:46.462667', '2025-06-06 15:19:46.462667'),
(222, 189, 1, '2025-08-06 15:19:46.462667', '2025-08-22 15:19:46.462667'),
(223, 75, 2, '2025-05-23 15:19:46.462667', '2025-06-22 15:19:46.462667'),
(224, 47, 2, '2025-05-15 15:19:46.462667', '2025-05-23 15:19:46.462667'),
(225, 127, 3, '2025-09-09 15:19:46.462667', '2025-09-11 15:19:46.462667'),
(226, 211, 3, '2025-05-26 15:19:46.462667', '2025-05-29 15:19:46.462667'),
(227, 77, 1, '2025-07-24 15:19:46.462667', '2025-08-05 15:19:46.462667'),
(228, 170, 3, '2025-09-10 15:19:46.462667', '2025-09-21 15:19:46.462667'),
(229, 199, 3, '2025-07-08 15:19:46.462667', '2025-07-15 15:19:46.462667'),
(230, 163, 3, '2025-07-16 15:19:46.462667', '2025-08-07 15:19:46.462667'),
(231, 268, 3, '2025-05-17 15:19:46.462667', '2025-06-06 15:19:46.462667'),
(232, 286, 3, '2025-10-28 15:19:46.462667', '2025-10-31 15:19:46.462667'),
(233, 267, 3, '2025-08-19 15:19:46.462667', '2025-09-07 15:19:46.462667'),
(234, 95, 3, '2025-07-15 15:19:46.462667', '2025-07-25 15:19:46.462667'),
(235, 291, 1, '2025-10-16 15:19:46.462667', '2025-11-10 15:19:46.462667'),
(236, 3, 1, '2025-06-22 15:19:46.462667', '2025-07-19 15:19:46.462667'),
(237, 2, 3, '2025-08-07 15:19:46.462667', '2025-08-13 15:19:46.462667'),
(238, 73, 1, '2025-07-12 15:19:46.462667', '2025-07-18 15:19:46.462667'),
(239, 124, 3, '2025-09-25 15:19:46.462667', '2025-10-20 15:19:46.462667'),
(240, 282, 3, '2025-07-29 15:19:46.462667', '2025-08-06 15:19:46.462667'),
(241, 196, 1, '2025-07-14 15:19:46.462667', '2025-07-20 15:19:46.462667'),
(242, 256, 2, '2025-08-25 15:19:46.462667', '2025-09-17 15:19:46.462667'),
(243, 251, 2, '2025-08-16 15:19:46.462667', '2025-09-05 15:19:46.462667'),
(244, 148, 3, '2025-06-08 15:19:46.462667', '2025-06-20 15:19:46.462667'),
(245, 297, 1, '2025-08-30 15:19:46.462667', '2025-09-12 15:19:46.462667'),
(246, 254, 2, '2025-10-13 15:19:46.462667', '2025-10-25 15:19:46.462667'),
(247, 216, 1, '2025-06-04 15:19:46.462667', '2025-06-18 15:19:46.462667'),
(248, 275, 3, '2025-08-29 15:19:46.462667', '2025-09-23 15:19:46.462667'),
(249, 271, 2, '2025-09-19 15:19:46.462667', '2025-10-14 15:19:46.462667'),
(250, 108, 2, '2025-06-03 15:19:46.462667', '2025-06-28 15:19:46.462667');

INSERT INTO cart_items (cart_item_id, cart_id, product_id, sku, price, quantity) VALUES 
(1, 1, 73, 'SKU73', 1103855, 3),
(2, 1, 113, 'SKU113', 348924, 3),
(3, 1, 181, 'SKU181', 2653936, 2),
(4, 2, 49, 'SKU49', 2567511, 2),
(5, 3, 225, 'SKU225', 2243432, 3),
(6, 4, 11, 'SKU11', 2758693, 3),
(7, 4, 119, 'SKU119', 2855369, 1),
(8, 4, 83, 'SKU83', 925770, 3),
(9, 5, 150, 'SKU150', 1325184, 2),
(10, 5, 140, 'SKU140', 981791, 1),
(11, 5, 75, 'SKU75', 2022721, 1),
(12, 5, 222, 'SKU222', 2382124, 1),
(13, 6, 126, 'SKU126', 494062, 1),
(14, 6, 86, 'SKU86', 2265524, 3),
(15, 6, 141, 'SKU141', 739298, 2),
(16, 7, 35, 'SKU35', 1691050, 1),
(17, 7, 106, 'SKU106', 708393, 3),
(18, 7, 62, 'SKU62', 1601559, 1),
(19, 8, 157, 'SKU157', 1176521, 2),
(20, 8, 161, 'SKU161', 2890757, 1),
(21, 9, 206, 'SKU206', 371042, 2),
(22, 9, 93, 'SKU93', 2304059, 2),
(23, 9, 10, 'SKU10', 1911683, 2),
(24, 10, 76, 'SKU76', 1537630, 3),
(25, 10, 57, 'SKU57', 965846, 3),
(26, 10, 152, 'SKU152', 1480346, 2),
(27, 10, 103, 'SKU103', 1151232, 2),
(28, 11, 173, 'SKU173', 1981600, 1),
(29, 11, 80, 'SKU80', 704792, 2),
(30, 11, 31, 'SKU31', 1474337, 1),
(31, 11, 121, 'SKU121', 1310045, 3),
(32, 12, 167, 'SKU167', 887331, 3),
(33, 12, 94, 'SKU94', 716872, 1),
(34, 12, 186, 'SKU186', 1530048, 1),
(35, 12, 138, 'SKU138', 2467267, 3),
(36, 13, 44, 'SKU44', 978215, 1),
(37, 13, 138, 'SKU138', 1517655, 2),
(38, 14, 232, 'SKU232', 2810586, 3),
(39, 14, 163, 'SKU163', 721311, 3),
(40, 14, 238, 'SKU238', 2381929, 1),
(41, 15, 146, 'SKU146', 2913650, 3),
(42, 15, 86, 'SKU86', 275715, 3),
(43, 16, 127, 'SKU127', 350835, 1),
(44, 16, 107, 'SKU107', 401061, 3),
(45, 16, 175, 'SKU175', 311181, 3),
(46, 16, 53, 'SKU53', 325166, 1),
(47, 17, 90, 'SKU90', 779084, 2),
(48, 18, 200, 'SKU200', 2061498, 2),
(49, 19, 199, 'SKU199', 2683737, 2),
(50, 19, 186, 'SKU186', 622944, 1),
(51, 19, 165, 'SKU165', 1575692, 1),
(52, 20, 138, 'SKU138', 2087232, 3),
(53, 20, 54, 'SKU54', 2763008, 1),
(54, 20, 214, 'SKU214', 210137, 2),
(55, 20, 194, 'SKU194', 1482188, 3),
(56, 21, 213, 'SKU213', 328796, 3),
(57, 21, 84, 'SKU84', 2950829, 3),
(58, 21, 72, 'SKU72', 1354344, 1),
(59, 22, 142, 'SKU142', 1093990, 3),
(60, 22, 238, 'SKU238', 2299423, 3),
(61, 22, 73, 'SKU73', 864145, 3),
(62, 23, 34, 'SKU34', 2882878, 3),
(63, 23, 172, 'SKU172', 1673700, 1),
(64, 23, 41, 'SKU41', 2666865, 3),
(65, 23, 76, 'SKU76', 2794478, 2),
(66, 24, 14, 'SKU14', 353447, 2),
(67, 24, 189, 'SKU189', 2638189, 3),
(68, 24, 27, 'SKU27', 1986479, 2),
(69, 24, 107, 'SKU107', 573904, 3),
(70, 25, 116, 'SKU116', 2718552, 1),
(71, 25, 222, 'SKU222', 2674605, 2),
(72, 25, 185, 'SKU185', 902653, 2),
(73, 26, 236, 'SKU236', 2426111, 1),
(74, 26, 174, 'SKU174', 245452, 3),
(75, 26, 98, 'SKU98', 1596455, 3),
(76, 26, 25, 'SKU25', 1268269, 1),
(77, 27, 179, 'SKU179', 2663047, 2),
(78, 27, 33, 'SKU33', 1057174, 3),
(79, 27, 165, 'SKU165', 2516166, 1),
(80, 28, 212, 'SKU212', 507245, 3),
(81, 29, 175, 'SKU175', 2035994, 3),
(82, 29, 64, 'SKU64', 929847, 2),
(83, 29, 186, 'SKU186', 929285, 3),
(84, 29, 228, 'SKU228', 2431912, 1),
(85, 30, 32, 'SKU32', 718009, 2),
(86, 30, 108, 'SKU108', 2804553, 2),
(87, 30, 18, 'SKU18', 773285, 1),
(88, 31, 155, 'SKU155', 1585696, 3),
(89, 31, 208, 'SKU208', 2344401, 1),
(90, 31, 39, 'SKU39', 2252766, 2),
(91, 32, 231, 'SKU231', 671895, 2),
(92, 32, 152, 'SKU152', 1110048, 3),
(93, 32, 42, 'SKU42', 1008687, 2),
(94, 32, 156, 'SKU156', 1801328, 1),
(95, 33, 107, 'SKU107', 459942, 1),
(96, 33, 223, 'SKU223', 1544004, 1),
(97, 33, 23, 'SKU23', 1573821, 3),
(98, 34, 43, 'SKU43', 2822586, 1),
(99, 34, 226, 'SKU226', 2227731, 3),
(100, 34, 16, 'SKU16', 2188474, 3),
(101, 35, 75, 'SKU75', 210049, 3),
(102, 36, 120, 'SKU120', 1838037, 3),
(103, 36, 202, 'SKU202', 2034168, 1),
(104, 36, 179, 'SKU179', 2606610, 2),
(105, 37, 5, 'SKU5', 1733005, 3),
(106, 37, 81, 'SKU81', 2735153, 3),
(107, 37, 13, 'SKU13', 635135, 3),
(108, 38, 132, 'SKU132', 2075127, 2),
(109, 38, 171, 'SKU171', 378929, 3),
(110, 38, 219, 'SKU219', 671979, 3),
(111, 38, 146, 'SKU146', 2226189, 1),
(112, 39, 87, 'SKU87', 2031397, 3),
(113, 40, 166, 'SKU166', 2190037, 2),
(114, 40, 141, 'SKU141', 807590, 1),
(115, 40, 132, 'SKU132', 2435254, 2),
(116, 41, 67, 'SKU67', 2278323, 1),
(117, 42, 231, 'SKU231', 2270619, 2),
(118, 43, 201, 'SKU201', 309216, 1),
(119, 44, 141, 'SKU141', 2874572, 3),
(120, 45, 180, 'SKU180', 1079053, 3),
(121, 45, 223, 'SKU223', 387450, 3),
(122, 45, 28, 'SKU28', 620566, 3),
(123, 46, 157, 'SKU157', 776703, 2),
(124, 47, 126, 'SKU126', 2655709, 1),
(125, 47, 215, 'SKU215', 1235206, 3),
(126, 47, 212, 'SKU212', 369606, 2),
(127, 47, 46, 'SKU46', 2788053, 3),
(128, 48, 173, 'SKU173', 1094434, 1),
(129, 48, 59, 'SKU59', 2179726, 3),
(130, 49, 68, 'SKU68', 1088385, 1),
(131, 50, 75, 'SKU75', 1301411, 2),
(132, 50, 118, 'SKU118', 2275084, 1),
(133, 51, 228, 'SKU228', 831697, 3),
(134, 51, 101, 'SKU101', 1784101, 1),
(135, 52, 37, 'SKU37', 2162122, 3),
(136, 52, 178, 'SKU178', 546563, 2),
(137, 53, 206, 'SKU206', 2118936, 2),
(138, 53, 173, 'SKU173', 1466819, 2),
(139, 53, 30, 'SKU30', 415820, 1),
(140, 54, 139, 'SKU139', 269030, 2),
(141, 54, 68, 'SKU68', 636638, 1),
(142, 54, 127, 'SKU127', 2570123, 1),
(143, 54, 8, 'SKU8', 921860, 3),
(144, 55, 203, 'SKU203', 2515883, 2),
(145, 55, 170, 'SKU170', 506349, 2),
(146, 55, 130, 'SKU130', 553154, 2),
(147, 55, 22, 'SKU22', 2954587, 3),
(148, 56, 24, 'SKU24', 235186, 1),
(149, 56, 37, 'SKU37', 1142019, 2),
(150, 56, 3, 'SKU3', 1168943, 2),
(151, 57, 167, 'SKU167', 2894942, 1),
(152, 57, 231, 'SKU231', 2661366, 1),
(153, 58, 1, 'SKU1', 2511277, 1),
(154, 59, 186, 'SKU186', 1490873, 1),
(155, 60, 163, 'SKU163', 2856515, 1),
(156, 60, 200, 'SKU200', 2995686, 1),
(157, 61, 100, 'SKU100', 2818178, 3),
(158, 61, 49, 'SKU49', 1246719, 2),
(159, 61, 133, 'SKU133', 550368, 2),
(160, 62, 183, 'SKU183', 2841727, 3),
(161, 62, 146, 'SKU146', 301093, 3),
(162, 63, 143, 'SKU143', 2315808, 1),
(163, 63, 17, 'SKU17', 638920, 2),
(164, 64, 7, 'SKU7', 889594, 1),
(165, 64, 231, 'SKU231', 1084723, 3),
(166, 65, 23, 'SKU23', 2870270, 2),
(167, 65, 126, 'SKU126', 2741595, 1),
(168, 66, 105, 'SKU105', 1037683, 2),
(169, 66, 151, 'SKU151', 1903631, 2),
(170, 66, 41, 'SKU41', 1225704, 1),
(171, 67, 150, 'SKU150', 588776, 1),
(172, 67, 117, 'SKU117', 1680991, 1),
(173, 67, 196, 'SKU196', 1557032, 3),
(174, 67, 20, 'SKU20', 1869869, 2),
(175, 68, 150, 'SKU150', 2954977, 2),
(176, 68, 142, 'SKU142', 2673985, 1),
(177, 69, 138, 'SKU138', 1694246, 1),
(178, 69, 25, 'SKU25', 466556, 3),
(179, 69, 62, 'SKU62', 2079435, 2),
(180, 70, 114, 'SKU114', 1879679, 3),
(181, 71, 43, 'SKU43', 1875195, 2),
(182, 72, 135, 'SKU135', 2921016, 2),
(183, 72, 67, 'SKU67', 737196, 2),
(184, 72, 144, 'SKU144', 910156, 3),
(185, 72, 77, 'SKU77', 2658992, 2),
(186, 73, 184, 'SKU184', 2931703, 1),
(187, 73, 98, 'SKU98', 2303332, 3),
(188, 74, 165, 'SKU165', 521178, 1),
(189, 75, 74, 'SKU74', 418353, 1),
(190, 75, 169, 'SKU169', 1873738, 2),
(191, 75, 52, 'SKU52', 783333, 1),
(192, 76, 232, 'SKU232', 2084496, 2),
(193, 76, 231, 'SKU231', 2143134, 3),
(194, 76, 27, 'SKU27', 2754498, 3),
(195, 77, 71, 'SKU71', 506780, 3),
(196, 77, 45, 'SKU45', 1301490, 1),
(197, 77, 186, 'SKU186', 1814458, 1),
(198, 78, 27, 'SKU27', 2614121, 1),
(199, 79, 32, 'SKU32', 880671, 3),
(200, 80, 128, 'SKU128', 510482, 2),
(201, 80, 191, 'SKU191', 2572384, 2),
(202, 80, 193, 'SKU193', 2466535, 1),
(203, 81, 110, 'SKU110', 1684437, 2),
(204, 81, 209, 'SKU209', 2045349, 3),
(205, 81, 74, 'SKU74', 2854366, 1),
(206, 82, 142, 'SKU142', 1853018, 2),
(207, 82, 32, 'SKU32', 1975387, 2),
(208, 82, 69, 'SKU69', 980704, 1),
(209, 82, 62, 'SKU62', 2861946, 2),
(210, 83, 182, 'SKU182', 2201466, 1),
(211, 83, 39, 'SKU39', 885910, 2),
(212, 83, 25, 'SKU25', 2379950, 3),
(213, 84, 139, 'SKU139', 1518663, 2),
(214, 84, 124, 'SKU124', 237898, 3),
(215, 85, 32, 'SKU32', 1619365, 2),
(216, 85, 132, 'SKU132', 485676, 1),
(217, 85, 225, 'SKU225', 1278294, 3),
(218, 86, 22, 'SKU22', 1298629, 3),
(219, 86, 205, 'SKU205', 895722, 1),
(220, 86, 161, 'SKU161', 2447864, 2),
(221, 87, 188, 'SKU188', 2220294, 3),
(222, 87, 156, 'SKU156', 2644550, 3),
(223, 87, 151, 'SKU151', 2803817, 3),
(224, 87, 221, 'SKU221', 2403350, 1),
(225, 88, 51, 'SKU51', 1115706, 3),
(226, 88, 30, 'SKU30', 1015511, 2),
(227, 89, 100, 'SKU100', 718607, 3),
(228, 89, 102, 'SKU102', 1382225, 2),
(229, 89, 205, 'SKU205', 2945920, 1),
(230, 89, 28, 'SKU28', 444601, 3),
(231, 90, 6, 'SKU6', 1896667, 1),
(232, 90, 74, 'SKU74', 474067, 1),
(233, 91, 66, 'SKU66', 818610, 1),
(234, 91, 58, 'SKU58', 1901551, 2),
(235, 92, 138, 'SKU138', 253451, 1),
(236, 92, 207, 'SKU207', 1795831, 2),
(237, 92, 165, 'SKU165', 2942063, 1),
(238, 93, 99, 'SKU99', 2642587, 3),
(239, 94, 80, 'SKU80', 1692430, 1),
(240, 94, 107, 'SKU107', 242852, 1),
(241, 94, 23, 'SKU23', 1658121, 2),
(242, 95, 4, 'SKU4', 2956023, 3),
(243, 95, 121, 'SKU121', 361056, 2),
(244, 95, 30, 'SKU30', 1591718, 3),
(245, 96, 147, 'SKU147', 2494476, 1),
(246, 96, 6, 'SKU6', 2281507, 2),
(247, 96, 208, 'SKU208', 1373489, 3),
(248, 96, 177, 'SKU177', 1012781, 1),
(249, 97, 154, 'SKU154', 613526, 3),
(250, 97, 80, 'SKU80', 2376091, 1),
(251, 97, 76, 'SKU76', 508802, 1),
(252, 98, 76, 'SKU76', 2207737, 2),
(253, 98, 104, 'SKU104', 1286171, 2),
(254, 98, 183, 'SKU183', 378937, 3),
(255, 98, 197, 'SKU197', 2643109, 3),
(256, 99, 127, 'SKU127', 1425708, 3),
(257, 99, 122, 'SKU122', 2200729, 1),
(258, 99, 187, 'SKU187', 2010575, 1),
(259, 99, 29, 'SKU29', 2954419, 1),
(260, 100, 182, 'SKU182', 1015361, 3),
(261, 101, 78, 'SKU78', 2944488, 2),
(262, 102, 126, 'SKU126', 867989, 3),
(263, 102, 85, 'SKU85', 1021267, 1),
(264, 102, 96, 'SKU96', 1650373, 3),
(265, 102, 55, 'SKU55', 1865447, 2),
(266, 103, 153, 'SKU153', 1254654, 3),
(267, 103, 152, 'SKU152', 652504, 2),
(268, 103, 193, 'SKU193', 1265271, 2),
(269, 103, 27, 'SKU27', 1177361, 3),
(270, 104, 87, 'SKU87', 2603608, 2),
(271, 104, 123, 'SKU123', 463781, 3),
(272, 105, 63, 'SKU63', 2273413, 1),
(273, 105, 28, 'SKU28', 1827415, 1),
(274, 106, 83, 'SKU83', 2560102, 1),
(275, 106, 110, 'SKU110', 392420, 3),
(276, 107, 109, 'SKU109', 539112, 1),
(277, 107, 58, 'SKU58', 1831675, 3),
(278, 108, 86, 'SKU86', 2781729, 2),
(279, 108, 141, 'SKU141', 1254391, 2),
(280, 108, 164, 'SKU164', 2947925, 3),
(281, 108, 193, 'SKU193', 739936, 1),
(282, 109, 5, 'SKU5', 2548224, 2),
(283, 109, 121, 'SKU121', 1726212, 1),
(284, 109, 194, 'SKU194', 1341676, 1),
(285, 110, 232, 'SKU232', 1155047, 3),
(286, 110, 41, 'SKU41', 2481283, 1),
(287, 111, 168, 'SKU168', 1718704, 1),
(288, 111, 89, 'SKU89', 1166195, 2),
(289, 111, 71, 'SKU71', 1812888, 3),
(290, 112, 140, 'SKU140', 1805118, 2),
(291, 113, 216, 'SKU216', 1253102, 1),
(292, 113, 3, 'SKU3', 1282771, 2),
(293, 113, 167, 'SKU167', 2937663, 2),
(294, 114, 154, 'SKU154', 258648, 1),
(295, 114, 156, 'SKU156', 1819447, 3),
(296, 114, 193, 'SKU193', 2843988, 1),
(297, 114, 204, 'SKU204', 583720, 1),
(298, 115, 52, 'SKU52', 806722, 1),
(299, 115, 85, 'SKU85', 2725138, 2),
(300, 115, 179, 'SKU179', 2562702, 3),
(301, 116, 216, 'SKU216', 1644726, 1),
(302, 117, 101, 'SKU101', 979900, 3),
(303, 117, 25, 'SKU25', 653729, 1),
(304, 117, 143, 'SKU143', 590071, 1),
(305, 117, 5, 'SKU5', 1470418, 3),
(306, 118, 94, 'SKU94', 2602358, 2),
(307, 118, 92, 'SKU92', 1564333, 3),
(308, 119, 41, 'SKU41', 2724965, 2),
(309, 119, 35, 'SKU35', 603906, 3),
(310, 119, 71, 'SKU71', 2669533, 3),
(311, 119, 10, 'SKU10', 1769662, 1),
(312, 120, 227, 'SKU227', 493250, 3),
(313, 120, 200, 'SKU200', 1486709, 1),
(314, 120, 9, 'SKU9', 516635, 2),
(315, 121, 6, 'SKU6', 2779703, 3),
(316, 121, 187, 'SKU187', 2487950, 2),
(317, 121, 77, 'SKU77', 586615, 3),
(318, 122, 132, 'SKU132', 1463082, 2),
(319, 123, 27, 'SKU27', 794066, 3),
(320, 123, 182, 'SKU182', 583424, 1),
(321, 123, 154, 'SKU154', 2732506, 1),
(322, 124, 111, 'SKU111', 554237, 2),
(323, 124, 139, 'SKU139', 1442662, 2),
(324, 125, 82, 'SKU82', 1860183, 1),
(325, 126, 191, 'SKU191', 2857202, 1),
(326, 126, 173, 'SKU173', 339617, 1),
(327, 126, 87, 'SKU87', 1764522, 1),
(328, 126, 113, 'SKU113', 2087832, 3),
(329, 127, 40, 'SKU40', 1483046, 1),
(330, 127, 211, 'SKU211', 518468, 3),
(331, 127, 28, 'SKU28', 2766369, 1),
(332, 127, 194, 'SKU194', 1615875, 1),
(333, 128, 202, 'SKU202', 1766801, 2),
(334, 128, 217, 'SKU217', 1466241, 1),
(335, 128, 124, 'SKU124', 814621, 3),
(336, 129, 224, 'SKU224', 1322687, 2),
(337, 129, 140, 'SKU140', 1106661, 2),
(338, 130, 130, 'SKU130', 1300870, 3),
(339, 131, 70, 'SKU70', 346312, 2),
(340, 131, 205, 'SKU205', 2198945, 2),
(341, 131, 43, 'SKU43', 2776696, 1),
(342, 132, 43, 'SKU43', 2032079, 2),
(343, 133, 50, 'SKU50', 525354, 3),
(344, 133, 106, 'SKU106', 2593586, 1),
(345, 133, 150, 'SKU150', 787814, 1),
(346, 134, 24, 'SKU24', 2503165, 3),
(347, 134, 198, 'SKU198', 308133, 2),
(348, 134, 105, 'SKU105', 271642, 1),
(349, 134, 111, 'SKU111', 2807690, 1),
(350, 135, 115, 'SKU115', 1099109, 1),
(351, 136, 65, 'SKU65', 1728628, 1),
(352, 136, 175, 'SKU175', 2114697, 1),
(353, 136, 205, 'SKU205', 2785792, 2),
(354, 136, 89, 'SKU89', 2825721, 3),
(355, 137, 94, 'SKU94', 564150, 3),
(356, 137, 234, 'SKU234', 1904118, 1),
(357, 137, 229, 'SKU229', 2737828, 1),
(358, 138, 155, 'SKU155', 2611654, 3),
(359, 139, 54, 'SKU54', 869615, 3),
(360, 140, 91, 'SKU91', 266979, 3),
(361, 140, 116, 'SKU116', 2676368, 3),
(362, 140, 110, 'SKU110', 1961251, 2),
(363, 141, 15, 'SKU15', 549590, 1),
(364, 142, 190, 'SKU190', 761015, 2),
(365, 142, 173, 'SKU173', 709186, 2),
(366, 142, 93, 'SKU93', 1325673, 2),
(367, 143, 105, 'SKU105', 2293463, 3),
(368, 143, 59, 'SKU59', 1287772, 3),
(369, 144, 50, 'SKU50', 1549346, 1),
(370, 144, 184, 'SKU184', 688532, 1),
(371, 145, 23, 'SKU23', 2556048, 1),
(372, 145, 134, 'SKU134', 2312431, 3),
(373, 145, 17, 'SKU17', 2597898, 1),
(374, 145, 35, 'SKU35', 1643502, 3),
(375, 146, 167, 'SKU167', 378321, 1),
(376, 147, 8, 'SKU8', 1976600, 1),
(377, 147, 67, 'SKU67', 2727563, 2),
(378, 147, 163, 'SKU163', 633767, 3),
(379, 148, 90, 'SKU90', 2410262, 1),
(380, 148, 173, 'SKU173', 2166497, 2),
(381, 148, 136, 'SKU136', 2302676, 1),
(382, 148, 78, 'SKU78', 2297057, 3),
(383, 149, 205, 'SKU205', 562826, 1),
(384, 149, 54, 'SKU54', 1612247, 2),
(385, 150, 209, 'SKU209', 797630, 2),
(386, 150, 37, 'SKU37', 1754886, 2),
(387, 150, 9, 'SKU9', 1172031, 2),
(388, 151, 231, 'SKU231', 1728356, 1),
(389, 151, 222, 'SKU222', 435247, 1),
(390, 152, 211, 'SKU211', 2198047, 3),
(391, 152, 172, 'SKU172', 2643083, 2),
(392, 152, 49, 'SKU49', 1716050, 3),
(393, 153, 108, 'SKU108', 482041, 3),
(394, 153, 39, 'SKU39', 2515686, 3),
(395, 154, 111, 'SKU111', 1978042, 2),
(396, 154, 43, 'SKU43', 1799665, 1),
(397, 154, 54, 'SKU54', 777735, 2),
(398, 154, 233, 'SKU233', 917160, 2),
(399, 155, 95, 'SKU95', 570400, 3),
(400, 155, 219, 'SKU219', 1864859, 2),
(401, 155, 92, 'SKU92', 2706198, 2),
(402, 155, 71, 'SKU71', 205062, 1),
(403, 156, 2, 'SKU2', 1841545, 2),
(404, 157, 232, 'SKU232', 1622635, 2),
(405, 157, 65, 'SKU65', 2342251, 1),
(406, 158, 134, 'SKU134', 580404, 2),
(407, 158, 106, 'SKU106', 2607822, 2),
(408, 158, 54, 'SKU54', 1194504, 1),
(409, 159, 69, 'SKU69', 1933839, 2),
(410, 159, 43, 'SKU43', 810804, 3),
(411, 159, 101, 'SKU101', 804586, 1),
(412, 159, 218, 'SKU218', 448505, 2),
(413, 160, 210, 'SKU210', 472292, 3),
(414, 160, 50, 'SKU50', 1556234, 3),
(415, 160, 229, 'SKU229', 1485666, 3),
(416, 160, 130, 'SKU130', 500839, 3),
(417, 161, 170, 'SKU170', 967400, 3),
(418, 161, 122, 'SKU122', 1795266, 1),
(419, 161, 29, 'SKU29', 1572190, 3),
(420, 161, 5, 'SKU5', 1352969, 1),
(421, 162, 81, 'SKU81', 1138163, 2),
(422, 163, 69, 'SKU69', 2435601, 1),
(423, 163, 63, 'SKU63', 1261204, 3),
(424, 163, 37, 'SKU37', 2426942, 3),
(425, 164, 73, 'SKU73', 510324, 2),
(426, 164, 132, 'SKU132', 2386506, 1),
(427, 164, 140, 'SKU140', 393425, 1),
(428, 164, 237, 'SKU237', 1047813, 2),
(429, 165, 202, 'SKU202', 1406015, 1),
(430, 165, 64, 'SKU64', 2874629, 1),
(431, 165, 71, 'SKU71', 1876282, 2),
(432, 165, 161, 'SKU161', 2406817, 2),
(433, 166, 138, 'SKU138', 2095617, 1),
(434, 166, 124, 'SKU124', 2791827, 1),
(435, 166, 3, 'SKU3', 2188320, 2),
(436, 166, 176, 'SKU176', 580342, 1),
(437, 167, 218, 'SKU218', 330568, 3),
(438, 167, 73, 'SKU73', 2692346, 2),
(439, 167, 123, 'SKU123', 1542912, 1),
(440, 168, 131, 'SKU131', 2252826, 2),
(441, 169, 44, 'SKU44', 2037990, 3),
(442, 170, 30, 'SKU30', 2242234, 3),
(443, 170, 102, 'SKU102', 1965005, 2),
(444, 171, 178, 'SKU178', 2349427, 2),
(445, 171, 196, 'SKU196', 1199518, 1),
(446, 171, 211, 'SKU211', 1906042, 2),
(447, 172, 198, 'SKU198', 739639, 2),
(448, 172, 133, 'SKU133', 2565629, 3),
(449, 173, 230, 'SKU230', 2912378, 2),
(450, 174, 107, 'SKU107', 2287597, 1),
(451, 174, 120, 'SKU120', 2005110, 2),
(452, 175, 225, 'SKU225', 1902234, 3),
(453, 175, 124, 'SKU124', 707645, 3),
(454, 176, 182, 'SKU182', 221295, 1),
(455, 177, 153, 'SKU153', 1708775, 3),
(456, 178, 27, 'SKU27', 1080874, 3),
(457, 179, 50, 'SKU50', 2858386, 3),
(458, 179, 80, 'SKU80', 628016, 2),
(459, 179, 74, 'SKU74', 213878, 3),
(460, 180, 127, 'SKU127', 1442057, 2),
(461, 181, 147, 'SKU147', 2340654, 3),
(462, 181, 58, 'SKU58', 2560964, 1),
(463, 181, 105, 'SKU105', 2446519, 1),
(464, 182, 132, 'SKU132', 2533622, 3),
(465, 183, 126, 'SKU126', 1841228, 1),
(466, 184, 95, 'SKU95', 2486168, 3),
(467, 184, 184, 'SKU184', 1373104, 1),
(468, 184, 239, 'SKU239', 2520485, 1),
(469, 184, 83, 'SKU83', 1479465, 3),
(470, 185, 41, 'SKU41', 1830932, 3),
(471, 185, 97, 'SKU97', 1683497, 1),
(472, 185, 47, 'SKU47', 2004606, 3),
(473, 185, 172, 'SKU172', 861489, 3),
(474, 186, 27, 'SKU27', 2133765, 1),
(475, 186, 60, 'SKU60', 1157025, 3),
(476, 186, 136, 'SKU136', 1949049, 1),
(477, 187, 224, 'SKU224', 779845, 2),
(478, 188, 5, 'SKU5', 1500496, 3),
(479, 189, 8, 'SKU8', 1114701, 1),
(480, 189, 85, 'SKU85', 257638, 2),
(481, 189, 86, 'SKU86', 2775871, 1),
(482, 189, 15, 'SKU15', 1598005, 3),
(483, 190, 233, 'SKU233', 1568518, 2),
(484, 190, 172, 'SKU172', 1909640, 2),
(485, 191, 188, 'SKU188', 2300177, 2),
(486, 191, 181, 'SKU181', 2441909, 3),
(487, 191, 41, 'SKU41', 1467647, 3),
(488, 192, 180, 'SKU180', 320144, 3),
(489, 192, 168, 'SKU168', 1384873, 2),
(490, 192, 224, 'SKU224', 2730514, 1),
(491, 193, 91, 'SKU91', 916733, 3),
(492, 193, 173, 'SKU173', 1144066, 1),
(493, 193, 137, 'SKU137', 467074, 2),
(494, 194, 78, 'SKU78', 1938503, 1),
(495, 195, 189, 'SKU189', 2132849, 2),
(496, 196, 42, 'SKU42', 558031, 3),
(497, 196, 213, 'SKU213', 2093551, 3),
(498, 196, 134, 'SKU134', 1095147, 2),
(499, 197, 225, 'SKU225', 2454688, 1),
(500, 198, 213, 'SKU213', 465040, 1),
(501, 198, 54, 'SKU54', 882291, 1),
(502, 198, 205, 'SKU205', 2990947, 1),
(503, 198, 145, 'SKU145', 1651665, 1),
(504, 199, 11, 'SKU11', 875394, 2),
(505, 199, 120, 'SKU120', 2369970, 3),
(506, 199, 206, 'SKU206', 1938942, 1),
(507, 199, 238, 'SKU238', 1988347, 3),
(508, 200, 198, 'SKU198', 1554815, 1),
(509, 200, 217, 'SKU217', 2842414, 1),
(510, 200, 18, 'SKU18', 2054021, 1),
(511, 200, 169, 'SKU169', 547817, 2),
(512, 201, 143, 'SKU143', 203523, 1),
(513, 201, 3, 'SKU3', 1724063, 1),
(514, 201, 97, 'SKU97', 1867887, 2),
(515, 202, 31, 'SKU31', 1120907, 2),
(516, 203, 188, 'SKU188', 2722747, 3),
(517, 203, 104, 'SKU104', 214276, 1),
(518, 204, 193, 'SKU193', 1536883, 1),
(519, 204, 190, 'SKU190', 1322829, 2),
(520, 204, 233, 'SKU233', 1207863, 2),
(521, 205, 51, 'SKU51', 1381779, 2),
(522, 206, 101, 'SKU101', 1854854, 1),
(523, 207, 51, 'SKU51', 2133939, 3),
(524, 208, 181, 'SKU181', 2847895, 1),
(525, 209, 228, 'SKU228', 2500472, 3),
(526, 209, 238, 'SKU238', 2215219, 2),
(527, 210, 136, 'SKU136', 2852933, 3),
(528, 210, 152, 'SKU152', 269991, 3),
(529, 210, 225, 'SKU225', 683813, 3),
(530, 210, 129, 'SKU129', 2806557, 1),
(531, 211, 130, 'SKU130', 1284368, 1),
(532, 212, 133, 'SKU133', 1013821, 3),
(533, 212, 66, 'SKU66', 606841, 3),
(534, 212, 202, 'SKU202', 2345802, 1),
(535, 212, 120, 'SKU120', 805211, 2),
(536, 213, 103, 'SKU103', 2754585, 2),
(537, 213, 31, 'SKU31', 2971119, 1),
(538, 213, 13, 'SKU13', 2744499, 2),
(539, 214, 221, 'SKU221', 2073247, 2),
(540, 214, 70, 'SKU70', 1377267, 3),
(541, 215, 25, 'SKU25', 2697650, 3),
(542, 215, 220, 'SKU220', 540207, 3),
(543, 215, 27, 'SKU27', 2263431, 1),
(544, 216, 132, 'SKU132', 621994, 1),
(545, 216, 23, 'SKU23', 454647, 1),
(546, 217, 190, 'SKU190', 384326, 2),
(547, 218, 72, 'SKU72', 868574, 2),
(548, 218, 202, 'SKU202', 778066, 3),
(549, 219, 144, 'SKU144', 2753399, 2),
(550, 220, 72, 'SKU72', 1700520, 2),
(551, 221, 223, 'SKU223', 1187704, 2),
(552, 221, 76, 'SKU76', 771198, 1),
(553, 221, 108, 'SKU108', 1314030, 2),
(554, 222, 179, 'SKU179', 2367098, 2),
(555, 222, 113, 'SKU113', 671645, 1),
(556, 222, 155, 'SKU155', 1230862, 1),
(557, 222, 227, 'SKU227', 1632873, 1),
(558, 223, 17, 'SKU17', 2809777, 1),
(559, 223, 114, 'SKU114', 1377670, 2),
(560, 224, 239, 'SKU239', 951540, 1),
(561, 224, 134, 'SKU134', 223960, 1),
(562, 225, 61, 'SKU61', 441567, 2),
(563, 225, 136, 'SKU136', 427211, 1),
(564, 225, 143, 'SKU143', 1858719, 1),
(565, 225, 145, 'SKU145', 508468, 3),
(566, 226, 173, 'SKU173', 517088, 2),
(567, 226, 81, 'SKU81', 2226592, 1),
(568, 226, 84, 'SKU84', 2368231, 1),
(569, 227, 81, 'SKU81', 1303028, 2),
(570, 228, 188, 'SKU188', 2329942, 2),
(571, 228, 56, 'SKU56', 2498890, 3),
(572, 228, 42, 'SKU42', 636762, 3),
(573, 229, 42, 'SKU42', 898701, 2),
(574, 229, 176, 'SKU176', 918655, 3),
(575, 229, 103, 'SKU103', 846621, 1),
(576, 229, 151, 'SKU151', 285724, 3),
(577, 230, 104, 'SKU104', 899121, 2),
(578, 230, 221, 'SKU221', 2125551, 2),
(579, 230, 205, 'SKU205', 2275728, 3),
(580, 230, 64, 'SKU64', 2508889, 2),
(581, 231, 90, 'SKU90', 220304, 2),
(582, 231, 40, 'SKU40', 789052, 2),
(583, 232, 220, 'SKU220', 2915364, 2),
(584, 232, 222, 'SKU222', 290490, 1),
(585, 233, 24, 'SKU24', 382088, 1),
(586, 233, 181, 'SKU181', 2268501, 2),
(587, 234, 78, 'SKU78', 2056513, 3),
(588, 235, 41, 'SKU41', 714590, 2),
(589, 236, 5, 'SKU5', 629799, 3),
(590, 236, 212, 'SKU212', 1278374, 1),
(591, 236, 191, 'SKU191', 915829, 2),
(592, 236, 218, 'SKU218', 2531050, 3),
(593, 237, 197, 'SKU197', 2441553, 1),
(594, 237, 34, 'SKU34', 1762538, 3),
(595, 237, 172, 'SKU172', 2466647, 3),
(596, 238, 206, 'SKU206', 1732669, 1),
(597, 238, 199, 'SKU199', 1213727, 3),
(598, 238, 219, 'SKU219', 2942400, 2),
(599, 238, 190, 'SKU190', 1366700, 1),
(600, 239, 118, 'SKU118', 1460655, 3),
(601, 239, 171, 'SKU171', 1767843, 1),
(602, 239, 173, 'SKU173', 1937522, 2),
(603, 239, 163, 'SKU163', 2312485, 2),
(604, 240, 78, 'SKU78', 424637, 2),
(605, 240, 112, 'SKU112', 2949787, 3),
(606, 241, 201, 'SKU201', 2215659, 2),
(607, 241, 216, 'SKU216', 2162095, 2),
(608, 241, 100, 'SKU100', 1535356, 1),
(609, 241, 80, 'SKU80', 1335796, 2),
(610, 242, 36, 'SKU36', 1620897, 1),
(611, 242, 74, 'SKU74', 347094, 3),
(612, 242, 110, 'SKU110', 1480125, 3),
(613, 242, 106, 'SKU106', 356224, 1),
(614, 243, 209, 'SKU209', 1008116, 3),
(615, 243, 208, 'SKU208', 1069878, 1),
(616, 244, 178, 'SKU178', 1584098, 3),
(617, 244, 31, 'SKU31', 2230976, 1),
(618, 244, 204, 'SKU204', 2669692, 2),
(619, 244, 123, 'SKU123', 2293698, 3),
(620, 245, 185, 'SKU185', 222841, 1),
(621, 245, 230, 'SKU230', 1832047, 2),
(622, 245, 154, 'SKU154', 2443453, 1),
(623, 246, 171, 'SKU171', 789436, 3),
(624, 246, 98, 'SKU98', 2211169, 1),
(625, 246, 65, 'SKU65', 549373, 2),
(626, 246, 99, 'SKU99', 783522, 1),
(627, 247, 159, 'SKU159', 1167803, 2),
(628, 247, 35, 'SKU35', 2070805, 3),
(629, 247, 39, 'SKU39', 2001977, 3),
(630, 247, 210, 'SKU210', 2274421, 2),
(631, 248, 226, 'SKU226', 2117426, 1),
(632, 249, 90, 'SKU90', 1364837, 3),
(633, 250, 185, 'SKU185', 1897074, 2),
(634, 250, 89, 'SKU89', 809847, 1),
(635, 250, 28, 'SKU28', 1803591, 1);

INSERT INTO orders (order_id, user_id, subtotal, shipping, discount, grand_total, orders_at, status, created_at, updated_at) VALUES 
(1, 162, 1592768, 15000, 30000, 1577768, '2025-06-21 15:19:46.462667', 6, '2025-06-21 15:19:46.462667', '2025-06-21 15:19:46.462667'),
(2, 190, 1936315, 30000, 100000, 1866315, '2025-08-23 15:19:46.462667', 6, '2025-08-23 15:19:46.462667', '2025-08-23 15:19:46.462667'),
(3, 204, 5789260, 15000, 0, 5804260, '2025-06-10 15:19:46.462667', 4, '2025-06-10 15:19:46.462667', '2025-06-10 15:19:46.462667'),
(4, 175, 2678833, 20000, 0, 2698833, '2025-11-02 15:19:46.462667', 7, '2025-11-02 15:19:46.462667', '2025-11-02 15:19:46.462667'),
(5, 51, 5811907, 30000, 50000, 5791907, '2025-08-18 15:19:46.462667', 1, '2025-08-18 15:19:46.462667', '2025-08-18 15:19:46.462667'),
(6, 167, 293567, 15000, 30000, 278567, '2025-06-24 15:19:46.462667', 5, '2025-06-24 15:19:46.462667', '2025-06-24 15:19:46.462667'),
(7, 199, 7584421, 20000, 30000, 7574421, '2025-10-02 15:19:46.462667', 3, '2025-10-02 15:19:46.462667', '2025-10-02 15:19:46.462667'),
(8, 259, 2996866, 20000, 30000, 2986866, '2025-10-13 15:19:46.462667', 8, '2025-10-13 15:19:46.462667', '2025-10-13 15:19:46.462667'),
(9, 119, 5054092, 20000, 0, 5074092, '2025-08-16 15:19:46.462667', 1, '2025-08-16 15:19:46.462667', '2025-08-16 15:19:46.462667'),
(10, 290, 2407840, 20000, 0, 2427840, '2025-05-18 15:19:46.462667', 1, '2025-05-18 15:19:46.462667', '2025-05-18 15:19:46.462667'),
(11, 159, 2126426, 20000, 100000, 2046426, '2025-05-22 15:19:46.462667', 3, '2025-05-22 15:19:46.462667', '2025-05-22 15:19:46.462667'),
(12, 2, 239272, 30000, 30000, 239272, '2025-10-15 15:19:46.462667', 5, '2025-10-15 15:19:46.462667', '2025-10-15 15:19:46.462667'),
(13, 298, 2012107, 15000, 30000, 1997107, '2025-08-18 15:19:46.462667', 1, '2025-08-18 15:19:46.462667', '2025-08-18 15:19:46.462667'),
(14, 157, 765041, 15000, 100000, 680041, '2025-07-26 15:19:46.462667', 4, '2025-07-26 15:19:46.462667', '2025-07-26 15:19:46.462667'),
(15, 34, 3693888, 30000, 100000, 3623888, '2025-06-30 15:19:46.462667', 1, '2025-06-30 15:19:46.462667', '2025-06-30 15:19:46.462667'),
(16, 43, 3903083, 15000, 30000, 3888083, '2025-05-24 15:19:46.462667', 8, '2025-05-24 15:19:46.462667', '2025-05-24 15:19:46.462667'),
(17, 40, 5307946, 20000, 0, 5327946, '2025-08-17 15:19:46.462667', 6, '2025-08-17 15:19:46.462667', '2025-08-17 15:19:46.462667'),
(18, 263, 7099156, 20000, 30000, 7089156, '2025-09-20 15:19:46.462667', 5, '2025-09-20 15:19:46.462667', '2025-09-20 15:19:46.462667'),
(19, 208, 3599174, 20000, 50000, 3569174, '2025-09-18 15:19:46.462667', 3, '2025-09-18 15:19:46.462667', '2025-09-18 15:19:46.462667'),
(20, 258, 5451471, 30000, 50000, 5431471, '2025-06-12 15:19:46.462667', 6, '2025-06-12 15:19:46.462667', '2025-06-12 15:19:46.462667'),
(21, 294, 1424194, 20000, 0, 1444194, '2025-08-29 15:19:46.462667', 4, '2025-08-29 15:19:46.462667', '2025-08-29 15:19:46.462667'),
(22, 242, 1943419, 15000, 30000, 1928419, '2025-06-03 15:19:46.462667', 8, '2025-06-03 15:19:46.462667', '2025-06-03 15:19:46.462667'),
(23, 277, 3430021, 30000, 0, 3460021, '2025-09-19 15:19:46.462667', 7, '2025-09-19 15:19:46.462667', '2025-09-19 15:19:46.462667'),
(24, 178, 7486551, 15000, 50000, 7451551, '2025-10-26 15:19:46.462667', 7, '2025-10-26 15:19:46.462667', '2025-10-26 15:19:46.462667'),
(25, 283, 909122, 20000, 30000, 899122, '2025-07-01 15:19:46.462667', 7, '2025-07-01 15:19:46.462667', '2025-07-01 15:19:46.462667'),
(26, 284, 6137600, 20000, 30000, 6127600, '2025-05-14 15:19:46.462667', 8, '2025-05-14 15:19:46.462667', '2025-05-14 15:19:46.462667'),
(27, 168, 7063390, 15000, 50000, 7028390, '2025-07-17 15:19:46.462667', 4, '2025-07-17 15:19:46.462667', '2025-07-17 15:19:46.462667'),
(28, 212, 4698072, 20000, 100000, 4618072, '2025-07-10 15:19:46.462667', 6, '2025-07-10 15:19:46.462667', '2025-07-10 15:19:46.462667'),
(29, 276, 2905899, 15000, 30000, 2890899, '2025-09-17 15:19:46.462667', 6, '2025-09-17 15:19:46.462667', '2025-09-17 15:19:46.462667'),
(30, 21, 7267945, 20000, 30000, 7257945, '2025-06-08 15:19:46.462667', 4, '2025-06-08 15:19:46.462667', '2025-06-08 15:19:46.462667'),
(31, 1, 447011, 15000, 0, 462011, '2025-07-26 15:19:46.462667', 4, '2025-07-26 15:19:46.462667', '2025-07-26 15:19:46.462667'),
(32, 244, 3045753, 15000, 50000, 3010753, '2025-10-13 15:19:46.462667', 8, '2025-10-13 15:19:46.462667', '2025-10-13 15:19:46.462667'),
(33, 286, 5960669, 30000, 0, 5990669, '2025-08-09 15:19:46.462667', 8, '2025-08-09 15:19:46.462667', '2025-08-09 15:19:46.462667'),
(34, 216, 7264352, 15000, 100000, 7179352, '2025-07-16 15:19:46.462667', 7, '2025-07-16 15:19:46.462667', '2025-07-16 15:19:46.462667'),
(35, 162, 7552343, 20000, 100000, 7472343, '2025-08-03 15:19:46.462667', 4, '2025-08-03 15:19:46.462667', '2025-08-03 15:19:46.462667'),
(36, 214, 4944318, 15000, 30000, 4929318, '2025-07-18 15:19:46.462667', 7, '2025-07-18 15:19:46.462667', '2025-07-18 15:19:46.462667'),
(37, 40, 7101533, 20000, 50000, 7071533, '2025-09-09 15:19:46.462667', 4, '2025-09-09 15:19:46.462667', '2025-09-09 15:19:46.462667'),
(38, 28, 4121800, 30000, 50000, 4101800, '2025-08-20 15:19:46.462667', 3, '2025-08-20 15:19:46.462667', '2025-08-20 15:19:46.462667'),
(39, 241, 2749131, 30000, 100000, 2679131, '2025-11-07 15:19:46.462667', 3, '2025-11-07 15:19:46.462667', '2025-11-07 15:19:46.462667'),
(40, 255, 5368141, 20000, 50000, 5338141, '2025-08-16 15:19:46.462667', 5, '2025-08-16 15:19:46.462667', '2025-08-16 15:19:46.462667'),
(41, 12, 1644032, 20000, 50000, 1614032, '2025-07-31 15:19:46.462667', 6, '2025-07-31 15:19:46.462667', '2025-07-31 15:19:46.462667'),
(42, 299, 3610510, 15000, 30000, 3595510, '2025-08-26 15:19:46.462667', 7, '2025-08-26 15:19:46.462667', '2025-08-26 15:19:46.462667'),
(43, 181, 4924423, 15000, 100000, 4839423, '2025-08-07 15:19:46.462667', 5, '2025-08-07 15:19:46.462667', '2025-08-07 15:19:46.462667'),
(44, 195, 1959417, 15000, 100000, 1874417, '2025-07-11 15:19:46.462667', 4, '2025-07-11 15:19:46.462667', '2025-07-11 15:19:46.462667'),
(45, 149, 4057592, 30000, 0, 4087592, '2025-10-08 15:19:46.462667', 6, '2025-10-08 15:19:46.462667', '2025-10-08 15:19:46.462667'),
(46, 87, 276920, 30000, 50000, 256920, '2025-09-08 15:19:46.462667', 8, '2025-09-08 15:19:46.462667', '2025-09-08 15:19:46.462667'),
(47, 113, 3558229, 15000, 100000, 3473229, '2025-09-07 15:19:46.462667', 7, '2025-09-07 15:19:46.462667', '2025-09-07 15:19:46.462667'),
(48, 35, 2291146, 15000, 50000, 2256146, '2025-05-24 15:19:46.462667', 6, '2025-05-24 15:19:46.462667', '2025-05-24 15:19:46.462667'),
(49, 42, 4491567, 30000, 100000, 4421567, '2025-06-08 15:19:46.462667', 2, '2025-06-08 15:19:46.462667', '2025-06-08 15:19:46.462667'),
(50, 134, 7808285, 15000, 0, 7823285, '2025-08-03 15:19:46.462667', 5, '2025-08-03 15:19:46.462667', '2025-08-03 15:19:46.462667'),
(51, 216, 2847364, 15000, 50000, 2812364, '2025-09-08 15:19:46.462667', 3, '2025-09-08 15:19:46.462667', '2025-09-08 15:19:46.462667'),
(52, 133, 2610493, 15000, 100000, 2525493, '2025-06-01 15:19:46.462667', 3, '2025-06-01 15:19:46.462667', '2025-06-01 15:19:46.462667'),
(53, 254, 4245598, 20000, 100000, 4165598, '2025-11-01 15:19:46.462667', 6, '2025-11-01 15:19:46.462667', '2025-11-01 15:19:46.462667'),
(54, 132, 4885868, 20000, 50000, 4855868, '2025-06-16 15:19:46.462667', 6, '2025-06-16 15:19:46.462667', '2025-06-16 15:19:46.462667'),
(55, 110, 7013476, 20000, 0, 7033476, '2025-10-21 15:19:46.462667', 2, '2025-10-21 15:19:46.462667', '2025-10-21 15:19:46.462667'),
(56, 17, 4922153, 15000, 50000, 4887153, '2025-07-20 15:19:46.462667', 8, '2025-07-20 15:19:46.462667', '2025-07-20 15:19:46.462667'),
(57, 261, 1705231, 15000, 100000, 1620231, '2025-06-12 15:19:46.462667', 1, '2025-06-12 15:19:46.462667', '2025-06-12 15:19:46.462667'),
(58, 122, 6692780, 30000, 50000, 6672780, '2025-06-06 15:19:46.462667', 4, '2025-06-06 15:19:46.462667', '2025-06-06 15:19:46.462667'),
(59, 70, 3036425, 15000, 50000, 3001425, '2025-10-03 15:19:46.462667', 4, '2025-10-03 15:19:46.462667', '2025-10-03 15:19:46.462667'),
(60, 147, 2906939, 30000, 50000, 2886939, '2025-10-22 15:19:46.462667', 4, '2025-10-22 15:19:46.462667', '2025-10-22 15:19:46.462667'),
(61, 39, 4183628, 20000, 0, 4203628, '2025-09-23 15:19:46.462667', 2, '2025-09-23 15:19:46.462667', '2025-09-23 15:19:46.462667'),
(62, 1, 5356541, 15000, 0, 5371541, '2025-06-21 15:19:46.462667', 4, '2025-06-21 15:19:46.462667', '2025-06-21 15:19:46.462667'),
(63, 152, 2237223, 15000, 0, 2252223, '2025-08-02 15:19:46.462667', 5, '2025-08-02 15:19:46.462667', '2025-08-02 15:19:46.462667'),
(64, 81, 6260275, 30000, 30000, 6260275, '2025-08-11 15:19:46.462667', 5, '2025-08-11 15:19:46.462667', '2025-08-11 15:19:46.462667'),
(65, 170, 1223562, 15000, 50000, 1188562, '2025-06-30 15:19:46.462667', 2, '2025-06-30 15:19:46.462667', '2025-06-30 15:19:46.462667'),
(66, 212, 901962, 20000, 50000, 871962, '2025-08-14 15:19:46.462667', 4, '2025-08-14 15:19:46.462667', '2025-08-14 15:19:46.462667'),
(67, 50, 2188724, 20000, 100000, 2108724, '2025-07-04 15:19:46.462667', 7, '2025-07-04 15:19:46.462667', '2025-07-04 15:19:46.462667'),
(68, 43, 1417209, 20000, 30000, 1407209, '2025-08-05 15:19:46.462667', 1, '2025-08-05 15:19:46.462667', '2025-08-05 15:19:46.462667'),
(69, 153, 1112625, 20000, 100000, 1032625, '2025-09-10 15:19:46.462667', 7, '2025-09-10 15:19:46.462667', '2025-09-10 15:19:46.462667'),
(70, 105, 6125978, 15000, 50000, 6090978, '2025-09-07 15:19:46.462667', 8, '2025-09-07 15:19:46.462667', '2025-09-07 15:19:46.462667'),
(71, 155, 3215324, 20000, 30000, 3205324, '2025-06-04 15:19:46.462667', 3, '2025-06-04 15:19:46.462667', '2025-06-04 15:19:46.462667'),
(72, 201, 3269260, 30000, 100000, 3199260, '2025-07-28 15:19:46.462667', 2, '2025-07-28 15:19:46.462667', '2025-07-28 15:19:46.462667'),
(73, 110, 2652530, 15000, 50000, 2617530, '2025-06-16 15:19:46.462667', 6, '2025-06-16 15:19:46.462667', '2025-06-16 15:19:46.462667'),
(74, 251, 7277458, 15000, 30000, 7262458, '2025-06-18 15:19:46.462667', 4, '2025-06-18 15:19:46.462667', '2025-06-18 15:19:46.462667'),
(75, 113, 530431, 15000, 0, 545431, '2025-06-13 15:19:46.462667', 5, '2025-06-13 15:19:46.462667', '2025-06-13 15:19:46.462667'),
(76, 201, 2127343, 30000, 30000, 2127343, '2025-08-18 15:19:46.462667', 1, '2025-08-18 15:19:46.462667', '2025-08-18 15:19:46.462667'),
(77, 144, 6370119, 30000, 30000, 6370119, '2025-06-18 15:19:46.462667', 4, '2025-06-18 15:19:46.462667', '2025-06-18 15:19:46.462667'),
(78, 239, 5588744, 30000, 100000, 5518744, '2025-10-07 15:19:46.462667', 6, '2025-10-07 15:19:46.462667', '2025-10-07 15:19:46.462667'),
(79, 194, 4264553, 15000, 100000, 4179553, '2025-09-03 15:19:46.462667', 3, '2025-09-03 15:19:46.462667', '2025-09-03 15:19:46.462667'),
(80, 280, 2335300, 20000, 50000, 2305300, '2025-10-27 15:19:46.462667', 3, '2025-10-27 15:19:46.462667', '2025-10-27 15:19:46.462667'),
(81, 39, 7138395, 30000, 50000, 7118395, '2025-10-23 15:19:46.462667', 2, '2025-10-23 15:19:46.462667', '2025-10-23 15:19:46.462667'),
(82, 53, 4116076, 20000, 100000, 4036076, '2025-08-24 15:19:46.462667', 5, '2025-08-24 15:19:46.462667', '2025-08-24 15:19:46.462667'),
(83, 109, 3615410, 30000, 50000, 3595410, '2025-09-06 15:19:46.462667', 2, '2025-09-06 15:19:46.462667', '2025-09-06 15:19:46.462667'),
(84, 30, 353924, 20000, 100000, 273924, '2025-11-03 15:19:46.462667', 1, '2025-11-03 15:19:46.462667', '2025-11-03 15:19:46.462667'),
(85, 267, 3635969, 30000, 50000, 3615969, '2025-05-29 15:19:46.462667', 7, '2025-05-29 15:19:46.462667', '2025-05-29 15:19:46.462667'),
(86, 29, 6018959, 30000, 50000, 5998959, '2025-06-10 15:19:46.462667', 3, '2025-06-10 15:19:46.462667', '2025-06-10 15:19:46.462667'),
(87, 229, 5116699, 20000, 100000, 5036699, '2025-10-30 15:19:46.462667', 6, '2025-10-30 15:19:46.462667', '2025-10-30 15:19:46.462667'),
(88, 99, 7745935, 20000, 0, 7765935, '2025-08-18 15:19:46.462667', 4, '2025-08-18 15:19:46.462667', '2025-08-18 15:19:46.462667'),
(89, 99, 7848091, 15000, 0, 7863091, '2025-06-24 15:19:46.462667', 1, '2025-06-24 15:19:46.462667', '2025-06-24 15:19:46.462667'),
(90, 138, 6624188, 15000, 0, 6639188, '2025-05-21 15:19:46.462667', 7, '2025-05-21 15:19:46.462667', '2025-05-21 15:19:46.462667'),
(91, 255, 4251930, 20000, 30000, 4241930, '2025-09-11 15:19:46.462667', 3, '2025-09-11 15:19:46.462667', '2025-09-11 15:19:46.462667'),
(92, 99, 5632523, 30000, 30000, 5632523, '2025-07-16 15:19:46.462667', 7, '2025-07-16 15:19:46.462667', '2025-07-16 15:19:46.462667'),
(93, 299, 5042466, 15000, 30000, 5027466, '2025-10-11 15:19:46.462667', 1, '2025-10-11 15:19:46.462667', '2025-10-11 15:19:46.462667'),
(94, 211, 7203392, 30000, 0, 7233392, '2025-07-23 15:19:46.462667', 7, '2025-07-23 15:19:46.462667', '2025-07-23 15:19:46.462667'),
(95, 22, 7912705, 20000, 0, 7932705, '2025-08-29 15:19:46.462667', 4, '2025-08-29 15:19:46.462667', '2025-08-29 15:19:46.462667'),
(96, 124, 3131416, 15000, 30000, 3116416, '2025-06-05 15:19:46.462667', 7, '2025-06-05 15:19:46.462667', '2025-06-05 15:19:46.462667'),
(97, 231, 4775124, 15000, 30000, 4760124, '2025-07-08 15:19:46.462667', 5, '2025-07-08 15:19:46.462667', '2025-07-08 15:19:46.462667'),
(98, 187, 514507, 20000, 100000, 434507, '2025-05-25 15:19:46.462667', 6, '2025-05-25 15:19:46.462667', '2025-05-25 15:19:46.462667'),
(99, 138, 5548325, 30000, 0, 5578325, '2025-06-17 15:19:46.462667', 2, '2025-06-17 15:19:46.462667', '2025-06-17 15:19:46.462667'),
(100, 14, 7249963, 20000, 0, 7269963, '2025-10-08 15:19:46.462667', 4, '2025-10-08 15:19:46.462667', '2025-10-08 15:19:46.462667'),
(101, 19, 2306679, 20000, 100000, 2226679, '2025-07-07 15:19:46.462667', 3, '2025-07-07 15:19:46.462667', '2025-07-07 15:19:46.462667'),
(102, 87, 1172655, 15000, 0, 1187655, '2025-10-15 15:19:46.462667', 1, '2025-10-15 15:19:46.462667', '2025-10-15 15:19:46.462667'),
(103, 52, 3875296, 20000, 50000, 3845296, '2025-09-22 15:19:46.462667', 7, '2025-09-22 15:19:46.462667', '2025-09-22 15:19:46.462667'),
(104, 52, 4570494, 20000, 100000, 4490494, '2025-06-07 15:19:46.462667', 7, '2025-06-07 15:19:46.462667', '2025-06-07 15:19:46.462667'),
(105, 141, 2228577, 30000, 0, 2258577, '2025-09-21 15:19:46.462667', 4, '2025-09-21 15:19:46.462667', '2025-09-21 15:19:46.462667'),
(106, 55, 3760453, 20000, 50000, 3730453, '2025-10-30 15:19:46.462667', 7, '2025-10-30 15:19:46.462667', '2025-10-30 15:19:46.462667'),
(107, 235, 4203185, 15000, 0, 4218185, '2025-07-02 15:19:46.462667', 7, '2025-07-02 15:19:46.462667', '2025-07-02 15:19:46.462667'),
(108, 35, 2899288, 15000, 0, 2914288, '2025-08-19 15:19:46.462667', 6, '2025-08-19 15:19:46.462667', '2025-08-19 15:19:46.462667'),
(109, 54, 752983, 20000, 0, 772983, '2025-10-23 15:19:46.462667', 4, '2025-10-23 15:19:46.462667', '2025-10-23 15:19:46.462667'),
(110, 118, 4053114, 20000, 30000, 4043114, '2025-08-14 15:19:46.462667', 5, '2025-08-14 15:19:46.462667', '2025-08-14 15:19:46.462667'),
(111, 9, 575799, 15000, 30000, 560799, '2025-06-11 15:19:46.462667', 8, '2025-06-11 15:19:46.462667', '2025-06-11 15:19:46.462667'),
(112, 242, 2494545, 15000, 0, 2509545, '2025-08-18 15:19:46.462667', 3, '2025-08-18 15:19:46.462667', '2025-08-18 15:19:46.462667'),
(113, 207, 4024782, 30000, 30000, 4024782, '2025-08-04 15:19:46.462667', 2, '2025-08-04 15:19:46.462667', '2025-08-04 15:19:46.462667'),
(114, 231, 3633546, 20000, 0, 3653546, '2025-10-06 15:19:46.462667', 2, '2025-10-06 15:19:46.462667', '2025-10-06 15:19:46.462667'),
(115, 20, 4218874, 15000, 30000, 4203874, '2025-05-21 15:19:46.462667', 3, '2025-05-21 15:19:46.462667', '2025-05-21 15:19:46.462667'),
(116, 24, 307272, 30000, 50000, 287272, '2025-06-04 15:19:46.462667', 8, '2025-06-04 15:19:46.462667', '2025-06-04 15:19:46.462667'),
(117, 151, 594293, 15000, 0, 609293, '2025-09-19 15:19:46.462667', 1, '2025-09-19 15:19:46.462667', '2025-09-19 15:19:46.462667'),
(118, 98, 6855198, 15000, 100000, 6770198, '2025-08-21 15:19:46.462667', 4, '2025-08-21 15:19:46.462667', '2025-08-21 15:19:46.462667'),
(119, 214, 4162759, 15000, 50000, 4127759, '2025-10-21 15:19:46.462667', 2, '2025-10-21 15:19:46.462667', '2025-10-21 15:19:46.462667'),
(120, 285, 6708674, 30000, 0, 6738674, '2025-07-01 15:19:46.462667', 4, '2025-07-01 15:19:46.462667', '2025-07-01 15:19:46.462667'),
(121, 111, 4207103, 30000, 100000, 4137103, '2025-05-17 15:19:46.462667', 8, '2025-05-17 15:19:46.462667', '2025-05-17 15:19:46.462667'),
(122, 159, 3143552, 15000, 0, 3158552, '2025-09-18 15:19:46.462667', 8, '2025-09-18 15:19:46.462667', '2025-09-18 15:19:46.462667'),
(123, 276, 1805630, 30000, 30000, 1805630, '2025-10-18 15:19:46.462667', 5, '2025-10-18 15:19:46.462667', '2025-10-18 15:19:46.462667'),
(124, 286, 5601096, 15000, 100000, 5516096, '2025-06-25 15:19:46.462667', 7, '2025-06-25 15:19:46.462667', '2025-06-25 15:19:46.462667'),
(125, 96, 5005648, 15000, 0, 5020648, '2025-10-14 15:19:46.462667', 6, '2025-10-14 15:19:46.462667', '2025-10-14 15:19:46.462667'),
(126, 68, 4701924, 15000, 30000, 4686924, '2025-11-02 15:19:46.462667', 4, '2025-11-02 15:19:46.462667', '2025-11-02 15:19:46.462667'),
(127, 170, 7891543, 30000, 0, 7921543, '2025-10-07 15:19:46.462667', 5, '2025-10-07 15:19:46.462667', '2025-10-07 15:19:46.462667'),
(128, 11, 5144057, 20000, 50000, 5114057, '2025-05-24 15:19:46.462667', 8, '2025-05-24 15:19:46.462667', '2025-05-24 15:19:46.462667'),
(129, 153, 1584720, 15000, 30000, 1569720, '2025-06-28 15:19:46.462667', 1, '2025-06-28 15:19:46.462667', '2025-06-28 15:19:46.462667'),
(130, 175, 650575, 30000, 100000, 580575, '2025-07-26 15:19:46.462667', 2, '2025-07-26 15:19:46.462667', '2025-07-26 15:19:46.462667'),
(131, 128, 5334062, 15000, 100000, 5249062, '2025-07-06 15:19:46.462667', 8, '2025-07-06 15:19:46.462667', '2025-07-06 15:19:46.462667'),
(132, 273, 5533391, 20000, 100000, 5453391, '2025-10-03 15:19:46.462667', 2, '2025-10-03 15:19:46.462667', '2025-10-03 15:19:46.462667'),
(133, 292, 1108572, 20000, 0, 1128572, '2025-09-05 15:19:46.462667', 7, '2025-09-05 15:19:46.462667', '2025-09-05 15:19:46.462667'),
(134, 164, 480762, 15000, 50000, 445762, '2025-08-20 15:19:46.462667', 1, '2025-08-20 15:19:46.462667', '2025-08-20 15:19:46.462667'),
(135, 150, 6509272, 20000, 100000, 6429272, '2025-08-05 15:19:46.462667', 6, '2025-08-05 15:19:46.462667', '2025-08-05 15:19:46.462667'),
(136, 111, 6279231, 15000, 50000, 6244231, '2025-07-01 15:19:46.462667', 6, '2025-07-01 15:19:46.462667', '2025-07-01 15:19:46.462667'),
(137, 66, 3301501, 30000, 50000, 3281501, '2025-07-23 15:19:46.462667', 1, '2025-07-23 15:19:46.462667', '2025-07-23 15:19:46.462667'),
(138, 294, 2293604, 20000, 50000, 2263604, '2025-06-08 15:19:46.462667', 4, '2025-06-08 15:19:46.462667', '2025-06-08 15:19:46.462667'),
(139, 126, 3023899, 15000, 100000, 2938899, '2025-10-15 15:19:46.462667', 4, '2025-10-15 15:19:46.462667', '2025-10-15 15:19:46.462667'),
(140, 166, 1214619, 20000, 30000, 1204619, '2025-08-26 15:19:46.462667', 6, '2025-08-26 15:19:46.462667', '2025-08-26 15:19:46.462667'),
(141, 64, 3297358, 30000, 50000, 3277358, '2025-08-05 15:19:46.462667', 6, '2025-08-05 15:19:46.462667', '2025-08-05 15:19:46.462667'),
(142, 196, 4363721, 20000, 0, 4383721, '2025-07-27 15:19:46.462667', 5, '2025-07-27 15:19:46.462667', '2025-07-27 15:19:46.462667'),
(143, 250, 2807291, 20000, 30000, 2797291, '2025-11-03 15:19:46.462667', 7, '2025-11-03 15:19:46.462667', '2025-11-03 15:19:46.462667'),
(144, 175, 7296317, 15000, 30000, 7281317, '2025-08-13 15:19:46.462667', 8, '2025-08-13 15:19:46.462667', '2025-08-13 15:19:46.462667'),
(145, 2, 4215882, 20000, 50000, 4185882, '2025-10-28 15:19:46.462667', 8, '2025-10-28 15:19:46.462667', '2025-10-28 15:19:46.462667'),
(146, 240, 2059095, 20000, 0, 2079095, '2025-07-28 15:19:46.462667', 2, '2025-07-28 15:19:46.462667', '2025-07-28 15:19:46.462667'),
(147, 139, 4991627, 20000, 50000, 4961627, '2025-11-06 15:19:46.462667', 4, '2025-11-06 15:19:46.462667', '2025-11-06 15:19:46.462667'),
(148, 195, 7464510, 15000, 100000, 7379510, '2025-05-27 15:19:46.462667', 8, '2025-05-27 15:19:46.462667', '2025-05-27 15:19:46.462667'),
(149, 299, 3992862, 15000, 30000, 3977862, '2025-06-14 15:19:46.462667', 4, '2025-06-14 15:19:46.462667', '2025-06-14 15:19:46.462667'),
(150, 114, 5358425, 30000, 0, 5388425, '2025-06-09 15:19:46.462667', 7, '2025-06-09 15:19:46.462667', '2025-06-09 15:19:46.462667'),
(151, 57, 7249144, 20000, 100000, 7169144, '2025-07-03 15:19:46.462667', 3, '2025-07-03 15:19:46.462667', '2025-07-03 15:19:46.462667'),
(152, 71, 7679467, 20000, 0, 7699467, '2025-07-27 15:19:46.462667', 2, '2025-07-27 15:19:46.462667', '2025-07-27 15:19:46.462667'),
(153, 264, 2225480, 20000, 100000, 2145480, '2025-10-28 15:19:46.462667', 2, '2025-10-28 15:19:46.462667', '2025-10-28 15:19:46.462667'),
(154, 93, 315311, 20000, 30000, 305311, '2025-09-05 15:19:46.462667', 8, '2025-09-05 15:19:46.462667', '2025-09-05 15:19:46.462667'),
(155, 220, 4585631, 15000, 50000, 4550631, '2025-07-19 15:19:46.462667', 2, '2025-07-19 15:19:46.462667', '2025-07-19 15:19:46.462667'),
(156, 83, 4906393, 30000, 0, 4936393, '2025-07-30 15:19:46.462667', 6, '2025-07-30 15:19:46.462667', '2025-07-30 15:19:46.462667'),
(157, 264, 7433889, 30000, 30000, 7433889, '2025-09-19 15:19:46.462667', 2, '2025-09-19 15:19:46.462667', '2025-09-19 15:19:46.462667'),
(158, 252, 939718, 20000, 0, 959718, '2025-09-18 15:19:46.462667', 2, '2025-09-18 15:19:46.462667', '2025-09-18 15:19:46.462667'),
(159, 146, 2623305, 30000, 30000, 2623305, '2025-09-27 15:19:46.462667', 4, '2025-09-27 15:19:46.462667', '2025-09-27 15:19:46.462667'),
(160, 235, 3440672, 15000, 50000, 3405672, '2025-08-05 15:19:46.462667', 1, '2025-08-05 15:19:46.462667', '2025-08-05 15:19:46.462667');

INSERT INTO order_items (order_item_id, order_id, product_id, sku, price, quantity) VALUES 
(1, 1, 104, 'SKU104', 1451772, 2),
(2, 1, 56, 'SKU56', 1024303, 3),
(3, 1, 183, 'SKU183', 232272, 2),
(4, 2, 134, 'SKU134', 1899465, 3),
(5, 3, 30, 'SKU30', 2293147, 2),
(6, 3, 146, 'SKU146', 1009102, 3),
(7, 3, 158, 'SKU158', 926684, 2),
(8, 4, 220, 'SKU220', 2429117, 1),
(9, 4, 140, 'SKU140', 490786, 2),
(10, 4, 28, 'SKU28', 988801, 2),
(11, 4, 144, 'SKU144', 1285539, 1),
(12, 5, 164, 'SKU164', 773392, 3),
(13, 6, 157, 'SKU157', 1875008, 3),
(14, 7, 121, 'SKU121', 1971860, 1),
(15, 8, 190, 'SKU190', 598565, 3),
(16, 9, 143, 'SKU143', 499884, 2),
(17, 9, 233, 'SKU233', 1322174, 3),
(18, 10, 153, 'SKU153', 752231, 1),
(19, 11, 192, 'SKU192', 895127, 3),
(20, 11, 158, 'SKU158', 2887064, 1),
(21, 12, 95, 'SKU95', 1904166, 3),
(22, 12, 85, 'SKU85', 2781312, 2),
(23, 12, 70, 'SKU70', 1872897, 3),
(24, 12, 40, 'SKU40', 2596691, 2),
(25, 13, 165, 'SKU165', 660320, 2),
(26, 14, 161, 'SKU161', 1330759, 3),
(27, 14, 39, 'SKU39', 1402766, 3),
(28, 15, 219, 'SKU219', 1262005, 3),
(29, 15, 181, 'SKU181', 2556683, 1),
(30, 15, 80, 'SKU80', 2555956, 1),
(31, 16, 105, 'SKU105', 2259628, 1),
(32, 16, 129, 'SKU129', 303494, 3),
(33, 16, 228, 'SKU228', 271597, 1),
(34, 17, 48, 'SKU48', 678177, 1),
(35, 17, 63, 'SKU63', 2483240, 1),
(36, 17, 227, 'SKU227', 2770240, 2),
(37, 18, 21, 'SKU21', 2360013, 1),
(38, 18, 91, 'SKU91', 2957852, 1),
(39, 19, 3, 'SKU3', 1119643, 1),
(40, 19, 4, 'SKU4', 1399247, 2),
(41, 19, 220, 'SKU220', 927188, 1),
(42, 19, 220, 'SKU220', 359339, 1),
(43, 20, 212, 'SKU212', 1458293, 2),
(44, 20, 112, 'SKU112', 2713029, 1),
(45, 20, 172, 'SKU172', 1892096, 3),
(46, 20, 62, 'SKU62', 2628693, 2),
(47, 21, 31, 'SKU31', 1880170, 3),
(48, 21, 16, 'SKU16', 2590005, 3),
(49, 22, 60, 'SKU60', 1158970, 2),
(50, 22, 147, 'SKU147', 565571, 2),
(51, 23, 18, 'SKU18', 2467546, 3),
(52, 23, 20, 'SKU20', 2102427, 1),
(53, 24, 54, 'SKU54', 2408213, 1),
(54, 24, 98, 'SKU98', 2807424, 2),
(55, 25, 33, 'SKU33', 1242871, 2),
(56, 26, 67, 'SKU67', 901161, 1),
(57, 27, 54, 'SKU54', 2787046, 3),
(58, 27, 135, 'SKU135', 1672414, 2),
(59, 28, 184, 'SKU184', 895460, 1),
(60, 28, 101, 'SKU101', 278065, 2),
(61, 29, 11, 'SKU11', 1020416, 3),
(62, 29, 135, 'SKU135', 682008, 3),
(63, 29, 122, 'SKU122', 2297354, 1),
(64, 30, 220, 'SKU220', 2231920, 1),
(65, 30, 169, 'SKU169', 1000161, 3),
(66, 30, 198, 'SKU198', 358147, 2),
(67, 31, 215, 'SKU215', 703090, 1),
(68, 31, 11, 'SKU11', 2797297, 2),
(69, 31, 145, 'SKU145', 865975, 2),
(70, 31, 167, 'SKU167', 2683440, 1),
(71, 32, 87, 'SKU87', 2924052, 3),
(72, 33, 33, 'SKU33', 1023199, 3),
(73, 34, 167, 'SKU167', 460342, 1),
(74, 34, 191, 'SKU191', 2775081, 2),
(75, 35, 146, 'SKU146', 1323362, 3),
(76, 35, 51, 'SKU51', 1273106, 1),
(77, 35, 179, 'SKU179', 1669356, 2),
(78, 35, 192, 'SKU192', 2799819, 2),
(79, 36, 115, 'SKU115', 1734766, 2),
(80, 37, 216, 'SKU216', 2042779, 2),
(81, 37, 25, 'SKU25', 985196, 2),
(82, 38, 54, 'SKU54', 575640, 2),
(83, 39, 237, 'SKU237', 2150910, 1),
(84, 39, 146, 'SKU146', 2868371, 3),
(85, 39, 19, 'SKU19', 278364, 3),
(86, 39, 12, 'SKU12', 1110833, 3),
(87, 40, 62, 'SKU62', 216827, 3),
(88, 41, 181, 'SKU181', 811695, 3),
(89, 42, 135, 'SKU135', 2157545, 3),
(90, 42, 203, 'SKU203', 1672494, 3),
(91, 42, 158, 'SKU158', 1099830, 2),
(92, 43, 130, 'SKU130', 2142944, 3),
(93, 43, 60, 'SKU60', 1364800, 3),
(94, 43, 126, 'SKU126', 2764918, 1),
(95, 43, 219, 'SKU219', 2865011, 3),
(96, 44, 101, 'SKU101', 2300331, 2),
(97, 44, 59, 'SKU59', 2840992, 1),
(98, 44, 110, 'SKU110', 2188898, 2),
(99, 45, 194, 'SKU194', 1650164, 2),
(100, 45, 166, 'SKU166', 2556028, 1),
(101, 45, 141, 'SKU141', 2308268, 1),
(102, 45, 229, 'SKU229', 1289078, 1),
(103, 46, 96, 'SKU96', 207831, 3),
(104, 47, 35, 'SKU35', 243173, 3),
(105, 48, 141, 'SKU141', 2839239, 2),
(106, 48, 34, 'SKU34', 791174, 2),
(107, 48, 227, 'SKU227', 2079706, 1),
(108, 48, 193, 'SKU193', 2920488, 1),
(109, 49, 12, 'SKU12', 2182941, 3),
(110, 49, 182, 'SKU182', 332060, 1),
(111, 49, 215, 'SKU215', 2458103, 3),
(112, 49, 128, 'SKU128', 1767435, 1),
(113, 50, 109, 'SKU109', 1436002, 3),
(114, 50, 8, 'SKU8', 2738971, 3),
(115, 51, 11, 'SKU11', 2701715, 3),
(116, 52, 52, 'SKU52', 1389539, 2),
(117, 52, 107, 'SKU107', 299140, 3),
(118, 52, 204, 'SKU204', 230685, 1),
(119, 52, 180, 'SKU180', 2893673, 1),
(120, 53, 144, 'SKU144', 2851724, 3),
(121, 53, 94, 'SKU94', 357370, 1),
(122, 54, 106, 'SKU106', 1819895, 1),
(123, 54, 188, 'SKU188', 1212001, 3),
(124, 54, 211, 'SKU211', 215709, 3),
(125, 54, 219, 'SKU219', 2437470, 3),
(126, 55, 174, 'SKU174', 879753, 3),
(127, 55, 91, 'SKU91', 679860, 3),
(128, 55, 20, 'SKU20', 389967, 3),
(129, 56, 182, 'SKU182', 1604488, 3),
(130, 57, 35, 'SKU35', 1600089, 1),
(131, 57, 4, 'SKU4', 2559212, 2),
(132, 57, 135, 'SKU135', 1353001, 2),
(133, 57, 105, 'SKU105', 1348395, 2),
(134, 58, 95, 'SKU95', 266046, 2),
(135, 58, 175, 'SKU175', 1236607, 2),
(136, 58, 226, 'SKU226', 547724, 2),
(137, 58, 68, 'SKU68', 1336550, 3),
(138, 59, 26, 'SKU26', 810031, 3),
(139, 59, 17, 'SKU17', 764007, 3),
(140, 59, 96, 'SKU96', 1145300, 1),
(141, 60, 105, 'SKU105', 1180531, 2),
(142, 60, 71, 'SKU71', 2809705, 3),
(143, 61, 65, 'SKU65', 1748244, 2),
(144, 61, 139, 'SKU139', 995685, 2),
(145, 61, 29, 'SKU29', 234017, 1),
(146, 61, 212, 'SKU212', 2208954, 1),
(147, 62, 36, 'SKU36', 1371281, 1),
(148, 62, 184, 'SKU184', 1256404, 3),
(149, 62, 42, 'SKU42', 1791379, 2),
(150, 62, 235, 'SKU235', 2396299, 1),
(151, 63, 29, 'SKU29', 1452045, 2),
(152, 63, 235, 'SKU235', 1160788, 3),
(153, 63, 180, 'SKU180', 1624325, 2),
(154, 64, 74, 'SKU74', 916787, 2),
(155, 64, 87, 'SKU87', 273809, 1),
(156, 64, 200, 'SKU200', 2492048, 2),
(157, 65, 155, 'SKU155', 230524, 3),
(158, 66, 201, 'SKU201', 1829208, 3),
(159, 66, 43, 'SKU43', 1500166, 1),
(160, 67, 26, 'SKU26', 2510552, 3),
(161, 67, 7, 'SKU7', 381488, 2),
(162, 67, 77, 'SKU77', 202059, 3),
(163, 68, 167, 'SKU167', 1529268, 2),
(164, 69, 163, 'SKU163', 2215618, 1),
(165, 69, 203, 'SKU203', 720512, 2),
(166, 70, 3, 'SKU3', 1508682, 2),
(167, 70, 239, 'SKU239', 2969969, 3),
(168, 71, 89, 'SKU89', 1260049, 3),
(169, 71, 173, 'SKU173', 2841665, 2),
(170, 72, 204, 'SKU204', 1056775, 3),
(171, 72, 90, 'SKU90', 2753954, 1),
(172, 72, 131, 'SKU131', 2756051, 2),
(173, 72, 225, 'SKU225', 2626370, 3),
(174, 73, 46, 'SKU46', 948505, 1),
(175, 74, 69, 'SKU69', 2347294, 2),
(176, 74, 236, 'SKU236', 645097, 3),
(177, 74, 72, 'SKU72', 1075875, 1),
(178, 74, 91, 'SKU91', 2785653, 1),
(179, 75, 75, 'SKU75', 2519182, 1),
(180, 76, 116, 'SKU116', 843145, 1),
(181, 76, 111, 'SKU111', 428444, 2),
(182, 76, 237, 'SKU237', 1122715, 2),
(183, 77, 118, 'SKU118', 1392293, 2),
(184, 78, 65, 'SKU65', 1864237, 3),
(185, 79, 201, 'SKU201', 804225, 3),
(186, 80, 119, 'SKU119', 2165102, 2),
(187, 80, 234, 'SKU234', 1991808, 2),
(188, 81, 200, 'SKU200', 1816621, 3),
(189, 81, 177, 'SKU177', 275150, 2),
(190, 81, 3, 'SKU3', 878351, 1),
(191, 81, 62, 'SKU62', 247612, 1),
(192, 82, 191, 'SKU191', 866469, 3),
(193, 82, 59, 'SKU59', 1511117, 3),
(194, 82, 236, 'SKU236', 2669986, 3),
(195, 83, 177, 'SKU177', 2780828, 2),
(196, 83, 216, 'SKU216', 2285425, 1),
(197, 83, 29, 'SKU29', 2384424, 3),
(198, 83, 170, 'SKU170', 2785136, 2),
(199, 84, 22, 'SKU22', 2014174, 1),
(200, 85, 22, 'SKU22', 665452, 3),
(201, 85, 7, 'SKU7', 1685479, 2),
(202, 85, 207, 'SKU207', 1507074, 1),
(203, 85, 19, 'SKU19', 1144145, 3),
(204, 86, 235, 'SKU235', 706872, 2),
(205, 86, 234, 'SKU234', 583426, 2),
(206, 86, 10, 'SKU10', 2515522, 1),
(207, 87, 228, 'SKU228', 2307328, 2),
(208, 87, 29, 'SKU29', 1308870, 2),
(209, 88, 150, 'SKU150', 1513919, 1),
(210, 88, 218, 'SKU218', 2261098, 3),
(211, 89, 138, 'SKU138', 1026503, 3),
(212, 90, 237, 'SKU237', 375010, 2),
(213, 90, 126, 'SKU126', 584571, 1),
(214, 90, 50, 'SKU50', 2802513, 2),
(215, 90, 63, 'SKU63', 603153, 1),
(216, 91, 181, 'SKU181', 937886, 3),
(217, 91, 111, 'SKU111', 1754765, 3),
(218, 92, 97, 'SKU97', 2056597, 1),
(219, 92, 91, 'SKU91', 872350, 1),
(220, 92, 110, 'SKU110', 969070, 1),
(221, 92, 141, 'SKU141', 1476230, 3),
(222, 93, 141, 'SKU141', 1481576, 2),
(223, 93, 13, 'SKU13', 1217990, 2),
(224, 93, 103, 'SKU103', 214280, 3),
(225, 94, 39, 'SKU39', 2287897, 2),
(226, 94, 91, 'SKU91', 2835481, 1),
(227, 94, 201, 'SKU201', 395313, 1),
(228, 95, 115, 'SKU115', 2581476, 1),
(229, 96, 206, 'SKU206', 1141277, 1),
(230, 96, 16, 'SKU16', 2204610, 3),
(231, 96, 167, 'SKU167', 2385624, 1),
(232, 96, 198, 'SKU198', 703784, 3),
(233, 97, 141, 'SKU141', 1159615, 2),
(234, 97, 72, 'SKU72', 2920557, 1),
(235, 98, 96, 'SKU96', 2773780, 2),
(236, 98, 83, 'SKU83', 695340, 3),
(237, 98, 148, 'SKU148', 2381960, 2),
(238, 98, 34, 'SKU34', 394035, 2),
(239, 99, 115, 'SKU115', 1615749, 3),
(240, 100, 27, 'SKU27', 2436464, 2),
(241, 100, 20, 'SKU20', 2463351, 3),
(242, 101, 122, 'SKU122', 2158490, 2),
(243, 102, 199, 'SKU199', 1965253, 1),
(244, 102, 66, 'SKU66', 516230, 2),
(245, 103, 79, 'SKU79', 320594, 1),
(246, 103, 14, 'SKU14', 2787887, 1),
(247, 104, 108, 'SKU108', 2557929, 1),
(248, 105, 230, 'SKU230', 2428116, 2),
(249, 105, 202, 'SKU202', 443532, 2),
(250, 105, 199, 'SKU199', 1386164, 3),
(251, 105, 172, 'SKU172', 485319, 1),
(252, 106, 170, 'SKU170', 931327, 3),
(253, 106, 204, 'SKU204', 2730412, 2),
(254, 106, 149, 'SKU149', 2900960, 2),
(255, 107, 164, 'SKU164', 2934340, 3),
(256, 107, 218, 'SKU218', 2351677, 2),
(257, 107, 84, 'SKU84', 568875, 2),
(258, 107, 197, 'SKU197', 2274018, 3),
(259, 108, 136, 'SKU136', 2091739, 2),
(260, 109, 72, 'SKU72', 2182406, 2),
(261, 109, 49, 'SKU49', 2113384, 2),
(262, 110, 160, 'SKU160', 1529025, 2),
(263, 110, 33, 'SKU33', 1636147, 1),
(264, 111, 233, 'SKU233', 1441731, 3),
(265, 111, 101, 'SKU101', 748218, 1),
(266, 111, 184, 'SKU184', 1579171, 1),
(267, 111, 53, 'SKU53', 1373605, 1),
(268, 112, 184, 'SKU184', 1825431, 3),
(269, 112, 145, 'SKU145', 782416, 2),
(270, 112, 71, 'SKU71', 1613975, 2),
(271, 113, 41, 'SKU41', 2312634, 3),
(272, 113, 169, 'SKU169', 1136580, 2),
(273, 114, 49, 'SKU49', 2521640, 1),
(274, 114, 229, 'SKU229', 2470946, 2),
(275, 114, 184, 'SKU184', 2081517, 3),
(276, 114, 160, 'SKU160', 1586651, 2),
(277, 115, 86, 'SKU86', 1738191, 3),
(278, 115, 10, 'SKU10', 609914, 1),
(279, 116, 237, 'SKU237', 452120, 3),
(280, 116, 178, 'SKU178', 2240812, 2),
(281, 117, 122, 'SKU122', 1428774, 3),
(282, 117, 5, 'SKU5', 2390210, 2),
(283, 118, 92, 'SKU92', 2820876, 2),
(284, 119, 72, 'SKU72', 2813273, 3),
(285, 119, 104, 'SKU104', 1395365, 2),
(286, 119, 54, 'SKU54', 564305, 2),
(287, 120, 124, 'SKU124', 2358844, 1),
(288, 120, 182, 'SKU182', 1673442, 2),
(289, 120, 118, 'SKU118', 538852, 2),
(290, 120, 154, 'SKU154', 2689874, 2),
(291, 121, 220, 'SKU220', 2544453, 2),
(292, 121, 235, 'SKU235', 1521143, 3),
(293, 122, 151, 'SKU151', 2889327, 2),
(294, 122, 135, 'SKU135', 2142766, 1),
(295, 122, 29, 'SKU29', 1022137, 3),
(296, 122, 87, 'SKU87', 1607114, 3),
(297, 123, 35, 'SKU35', 599263, 2),
(298, 123, 32, 'SKU32', 1357104, 1),
(299, 124, 80, 'SKU80', 277945, 2),
(300, 124, 161, 'SKU161', 2231141, 3),
(301, 124, 42, 'SKU42', 2440182, 1),
(302, 125, 23, 'SKU23', 359109, 2),
(303, 125, 61, 'SKU61', 965553, 1),
(304, 126, 211, 'SKU211', 2498766, 1),
(305, 126, 173, 'SKU173', 1855201, 3),
(306, 126, 155, 'SKU155', 1341867, 1),
(307, 127, 102, 'SKU102', 2349474, 3),
(308, 127, 156, 'SKU156', 1240232, 2),
(309, 128, 129, 'SKU129', 877375, 2),
(310, 129, 206, 'SKU206', 1473737, 3),
(311, 130, 163, 'SKU163', 1048902, 2),
(312, 131, 50, 'SKU50', 1897177, 2),
(313, 131, 194, 'SKU194', 947605, 2),
(314, 131, 219, 'SKU219', 1057586, 2),
(315, 132, 229, 'SKU229', 726690, 1),
(316, 132, 229, 'SKU229', 1623853, 1),
(317, 133, 136, 'SKU136', 2011102, 3),
(318, 133, 231, 'SKU231', 1775989, 3),
(319, 133, 145, 'SKU145', 2957502, 3),
(320, 134, 108, 'SKU108', 1972348, 2),
(321, 134, 169, 'SKU169', 1486679, 2),
(322, 135, 131, 'SKU131', 233655, 1),
(323, 135, 88, 'SKU88', 405413, 1),
(324, 136, 35, 'SKU35', 658038, 1),
(325, 136, 41, 'SKU41', 2830777, 3),
(326, 136, 192, 'SKU192', 1368048, 3),
(327, 136, 56, 'SKU56', 2747457, 1),
(328, 137, 177, 'SKU177', 2756734, 3),
(329, 137, 60, 'SKU60', 345929, 1),
(330, 138, 54, 'SKU54', 1332974, 3),
(331, 138, 145, 'SKU145', 1626761, 3),
(332, 138, 177, 'SKU177', 2371441, 3),
(333, 139, 41, 'SKU41', 1054932, 3),
(334, 139, 19, 'SKU19', 2373685, 1),
(335, 140, 82, 'SKU82', 1610435, 3),
(336, 140, 172, 'SKU172', 2095755, 1),
(337, 140, 40, 'SKU40', 2020057, 3),
(338, 141, 91, 'SKU91', 1632336, 2),
(339, 141, 95, 'SKU95', 2988304, 1),
(340, 141, 216, 'SKU216', 482039, 1),
(341, 142, 184, 'SKU184', 1846468, 3),
(342, 142, 197, 'SKU197', 2934635, 1),
(343, 142, 223, 'SKU223', 454660, 2),
(344, 143, 165, 'SKU165', 2650521, 3),
(345, 144, 21, 'SKU21', 2323572, 3),
(346, 144, 185, 'SKU185', 2660230, 3),
(347, 145, 25, 'SKU25', 753935, 1),
(348, 145, 172, 'SKU172', 2536342, 2),
(349, 145, 128, 'SKU128', 2099837, 2),
(350, 146, 205, 'SKU205', 1603531, 2),
(351, 146, 177, 'SKU177', 2974058, 2),
(352, 146, 181, 'SKU181', 1962100, 3),
(353, 146, 143, 'SKU143', 1379070, 2),
(354, 147, 4, 'SKU4', 1894976, 3),
(355, 147, 167, 'SKU167', 2783474, 1),
(356, 147, 81, 'SKU81', 1135599, 1),
(357, 147, 55, 'SKU55', 1138395, 2),
(358, 148, 219, 'SKU219', 999111, 3),
(359, 148, 19, 'SKU19', 747787, 2),
(360, 149, 101, 'SKU101', 740606, 2),
(361, 149, 187, 'SKU187', 2448686, 1),
(362, 149, 108, 'SKU108', 1157273, 2),
(363, 150, 140, 'SKU140', 1995362, 1),
(364, 150, 190, 'SKU190', 1055168, 2),
(365, 151, 101, 'SKU101', 2373079, 3),
(366, 151, 10, 'SKU10', 1356808, 1),
(367, 151, 160, 'SKU160', 2378285, 2),
(368, 151, 50, 'SKU50', 2591470, 2),
(369, 152, 137, 'SKU137', 230440, 2),
(370, 152, 203, 'SKU203', 1639797, 3),
(371, 153, 62, 'SKU62', 2198938, 2),
(372, 153, 201, 'SKU201', 2573677, 3),
(373, 153, 227, 'SKU227', 362208, 3),
(374, 154, 178, 'SKU178', 2135775, 1),
(375, 154, 213, 'SKU213', 240599, 2),
(376, 155, 3, 'SKU3', 1673110, 1),
(377, 155, 53, 'SKU53', 780634, 2),
(378, 155, 19, 'SKU19', 201894, 1),
(379, 156, 179, 'SKU179', 2410801, 1),
(380, 156, 192, 'SKU192', 2278823, 2),
(381, 156, 169, 'SKU169', 225923, 1),
(382, 157, 34, 'SKU34', 247822, 3),
(383, 157, 42, 'SKU42', 495068, 1),
(384, 158, 206, 'SKU206', 1722088, 1),
(385, 158, 87, 'SKU87', 2139436, 3),
(386, 159, 20, 'SKU20', 2804491, 1),
(387, 159, 179, 'SKU179', 1869004, 3),
(388, 159, 173, 'SKU173', 2564712, 1),
(389, 160, 218, 'SKU218', 924714, 1);